part_id,variant,planned_release
1,Mid,2026-03-18 06:00:00
2,Base,2026-03-18 06:01:00
3,Mid,2026-03-18 06:02:00
4,Loaded,2026-03-18 06:03:00
5,Base,2026-03-18 06:04:00
6,Loaded,2026-03-18 06:05:00
7,Mid,2026-03-18 06:06:00
8,Mid,2026-03-18 06:07:00
9,Base,2026-03-18 06:08:00
10,Base,2026-03-18 06:09:00
11,Base,2026-03-18 06:10:00
12,Base,2026-03-18 06:11:00
13,Base,2026-03-18 06:12:00
14,Loaded,2026-03-18 06:13:00
15,Mid,2026-03-18 06:14:00
16,Base,2026-03-18 06:15:00
17,Loaded,2026-03-18 06:16:00
18,Mid,2026-03-18 06:17:00
19,Loaded,2026-03-18 06:18:00
20,Base,2026-03-18 06:19:00
21,Base,2026-03-18 06:20:00
22,Loaded,2026-03-18 06:21:00
23,Base,2026-03-18 06:22:00
24,Mid,2026-03-18 06:23:00
25,Mid,2026-03-18 06:24:00
26,Loaded,2026-03-18 06:25:00
27,Loaded,2026-03-18 06:26:00
28,Mid,2026-03-18 06:27:00
29,Base,2026-03-18 06:28:00
30,Base,2026-03-18 06:29:00
31,Base,2026-03-18 06:30:00
32,Loaded,2026-03-18 06:31:00
33,Base,2026-03-18 06:32:00
34,Base,2026-03-18 06:33:00
35,Base,2026-03-18 06:34:00
36,Base,2026-03-18 06:35:00
37,Base,2026-03-18 06:36:00
38,Base,2026-03-18 06:37:00
39,Mid,2026-03-18 06:38:00
40,Base,2026-03-18 06:39:00
41,Mid,2026-03-18 06:40:00
42,Base,2026-03-18 06:41:00
43,Base,2026-03-18 06:42:00
44,Base,2026-03-18 06:43:00
45,Base,2026-03-18 06:44:00
46,Mid,2026-03-18 06:45:00
47,Base,2026-03-18 06:46:00
48,Mid,2026-03-18 06:47:00
49,Loaded,2026-03-18 06:48:00
50,Base,2026-03-18 06:49:00
51,Loaded,2026-03-18 06:50:00
52,Mid,2026-03-18 06:51:00
53,Mid,2026-03-18 06:52:00
54,Mid,2026-03-18 06:53:00
55,Base,2026-03-18 06:54:00
56,Base,2026-03-18 06:55:00
57,Base,2026-03-18 06:56:00
58,Base,2026-03-18 06:57:00
59,Base,2026-03-18 06:58:00
60,Base,2026-03-18 06:59:00
61,Base,2026-03-18 07:00:00
62,Mid,2026-03-18 07:01:00
63,Mid,2026-03-18 07:02:00
64,Mid,2026-03-18 07:03:00
65,Loaded,2026-03-18 07:04:00
66,Base,2026-03-18 07:05:00
67,Loaded,2026-03-18 07:06:00
68,Base,2026-03-18 07:07:00
69,Base,2026-03-18 07:08:00
70,Base,2026-03-18 07:09:00
71,Mid,2026-03-18 07:10:00
72,Base,2026-03-18 07:11:00
73,Base,2026-03-18 07:12:00
74,Base,2026-03-18 07:13:00
75,Loaded,2026-03-18 07:14:00
76,Base,2026-03-18 07:15:00
77,Base,2026-03-18 07:16:00
78,Base,2026-03-18 07:17:00
79,Base,2026-03-18 07:18:00
80,Loaded,2026-03-18 07:19:00
81,Loaded,2026-03-18 07:20:00
82,Mid,2026-03-18 07:21:00
83,Base,2026-03-18 07:22:00
84,Base,2026-03-18 07:23:00
85,Base,2026-03-18 07:24:00
86,Mid,2026-03-18 07:25:00
87,Mid,2026-03-18 07:26:00
88,Base,2026-03-18 07:27:00
89,Loaded,2026-03-18 07:28:00
90,Mid,2026-03-18 07:29:00
91,Base,2026-03-18 07:30:00
92,Loaded,2026-03-18 07:31:00
93,Mid,2026-03-18 07:32:00
94,Base,2026-03-18 07:33:00
95,Base,2026-03-18 07:34:00
96,Mid,2026-03-18 07:35:00
97,Base,2026-03-18 07:36:00
98,Base,2026-03-18 07:37:00
99,Loaded,2026-03-18 07:38:00
100,Base,2026-03-18 07:39:00
101,Mid,2026-03-18 07:40:00
102,Loaded,2026-03-18 07:41:00
103,Loaded,2026-03-18 07:42:00
104,Mid,2026-03-18 07:43:00
105,Mid,2026-03-18 07:44:00
106,Loaded,2026-03-18 07:45:00
107,Base,2026-03-18 07:46:00
108,Loaded,2026-03-18 07:47:00
109,Base,2026-03-18 07:48:00
110,Mid,2026-03-18 07:49:00
111,Mid,2026-03-18 07:50:00
112,Base,2026-03-18 07:51:00
113,Mid,2026-03-18 07:52:00
114,Mid,2026-03-18 07:53:00
115,Loaded,2026-03-18 07:54:00
116,Mid,2026-03-18 07:55:00
117,Base,2026-03-18 07:56:00
118,Base,2026-03-18 07:57:00
119,Loaded,2026-03-18 07:58:00
120,Base,2026-03-18 07:59:00
121,Mid,2026-03-18 08:00:00
122,Mid,2026-03-18 08:01:00
123,Loaded,2026-03-18 08:02:00
124,Base,2026-03-18 08:03:00
125,Mid,2026-03-18 08:04:00
126,Base,2026-03-18 08:05:00
127,Mid,2026-03-18 08:06:00
128,Mid,2026-03-18 08:07:00
129,Mid,2026-03-18 08:08:00
130,Loaded,2026-03-18 08:09:00
131,Base,2026-03-18 08:10:00
132,Loaded,2026-03-18 08:11:00
133,Base,2026-03-18 08:12:00
134,Base,2026-03-18 08:13:00
135,Base,2026-03-18 08:14:00
136,Mid,2026-03-18 08:15:00
137,Base,2026-03-18 08:16:00
138,Base,2026-03-18 08:17:00
139,Mid,2026-03-18 08:18:00
140,Mid,2026-03-18 08:19:00
141,Base,2026-03-18 08:20:00
142,Mid,2026-03-18 08:21:00
143,Base,2026-03-18 08:22:00
144,Base,2026-03-18 08:23:00
145,Mid,2026-03-18 08:24:00
146,Mid,2026-03-18 08:25:00
147,Base,2026-03-18 08:26:00
148,Mid,2026-03-18 08:27:00
149,Mid,2026-03-18 08:28:00
150,Mid,2026-03-18 08:29:00
151,Mid,2026-03-18 08:30:00
152,Mid,2026-03-18 08:31:00
153,Base,2026-03-18 08:32:00
154,Base,2026-03-18 08:33:00
155,Base,2026-03-18 08:34:00
156,Base,2026-03-18 08:35:00
157,Mid,2026-03-18 08:36:00
158,Loaded,2026-03-18 08:37:00
159,Base,2026-03-18 08:38:00
160,Base,2026-03-18 08:39:00
161,Mid,2026-03-18 08:40:00
162,Loaded,2026-03-18 08:41:00
163,Mid,2026-03-18 08:42:00
164,Base,2026-03-18 08:43:00
165,Mid,2026-03-18 08:44:00
166,Loaded,2026-03-18 08:45:00
167,Mid,2026-03-18 08:46:00
168,Base,2026-03-18 08:47:00
169,Base,2026-03-18 08:48:00
170,Base,2026-03-18 08:49:00
171,Base,2026-03-18 08:50:00
172,Base,2026-03-18 08:51:00
173,Base,2026-03-18 08:52:00
174,Loaded,2026-03-18 08:53:00
175,Mid,2026-03-18 08:54:00
176,Base,2026-03-18 08:55:00
177,Loaded,2026-03-18 08:56:00
178,Base,2026-03-18 08:57:00
179,Base,2026-03-18 08:58:00
180,Base,2026-03-18 08:59:00
181,Mid,2026-03-18 09:00:00
182,Loaded,2026-03-18 09:01:00
183,Base,2026-03-18 09:02:00
184,Loaded,2026-03-18 09:03:00
185,Loaded,2026-03-18 09:04:00
186,Base,2026-03-18 09:05:00
187,Loaded,2026-03-18 09:06:00
188,Loaded,2026-03-18 09:07:00
189,Base,2026-03-18 09:08:00
190,Base,2026-03-18 09:09:00
191,Base,2026-03-18 09:10:00
192,Base,2026-03-18 09:11:00
193,Base,2026-03-18 09:12:00
194,Base,2026-03-18 09:13:00
195,Base,2026-03-18 09:14:00
196,Base,2026-03-18 09:15:00
197,Base,2026-03-18 09:16:00
198,Mid,2026-03-18 09:17:00
199,Mid,2026-03-18 09:18:00
200,Mid,2026-03-18 09:19:00
201,Mid,2026-03-18 09:20:00
202,Mid,2026-03-18 09:21:00
203,Base,2026-03-18 09:22:00
204,Base,2026-03-18 09:23:00
205,Mid,2026-03-18 09:24:00
206,Base,2026-03-18 09:25:00
207,Base,2026-03-18 09:26:00
208,Base,2026-03-18 09:27:00
209,Base,2026-03-18 09:28:00
210,Mid,2026-03-18 09:29:00
211,Base,2026-03-18 09:30:00
212,Base,2026-03-18 09:31:00
213,Mid,2026-03-18 09:32:00
214,Base,2026-03-18 09:33:00
215,Loaded,2026-03-18 09:34:00
216,Base,2026-03-18 09:35:00
217,Base,2026-03-18 09:36:00
218,Base,2026-03-18 09:37:00
219,Base,2026-03-18 09:38:00
220,Mid,2026-03-18 09:39:00
221,Base,2026-03-18 09:40:00
222,Mid,2026-03-18 09:41:00
223,Mid,2026-03-18 09:42:00
224,Mid,2026-03-18 09:43:00
225,Loaded,2026-03-18 09:44:00
226,Base,2026-03-18 09:45:00
227,Mid,2026-03-18 09:46:00
228,Mid,2026-03-18 09:47:00
229,Loaded,2026-03-18 09:48:00
230,Base,2026-03-18 09:49:00
231,Base,2026-03-18 09:50:00
232,Mid,2026-03-18 09:51:00
233,Mid,2026-03-18 09:52:00
234,Base,2026-03-18 09:53:00
235,Loaded,2026-03-18 09:54:00
236,Mid,2026-03-18 09:55:00
237,Mid,2026-03-18 09:56:00
238,Mid,2026-03-18 09:57:00
239,Mid,2026-03-18 09:58:00
240,Base,2026-03-18 09:59:00
241,Base,2026-03-18 10:00:00
242,Base,2026-03-18 10:01:00
243,Mid,2026-03-18 10:02:00
244,Base,2026-03-18 10:03:00
245,Base,2026-03-18 10:04:00
246,Base,2026-03-18 10:05:00
247,Base,2026-03-18 10:06:00
248,Loaded,2026-03-18 10:07:00
249,Mid,2026-03-18 10:08:00
250,Base,2026-03-18 10:09:00
251,Base,2026-03-18 10:10:00
252,Mid,2026-03-18 10:11:00
253,Base,2026-03-18 10:12:00
254,Mid,2026-03-18 10:13:00
255,Base,2026-03-18 10:14:00
256,Base,2026-03-18 10:15:00
257,Mid,2026-03-18 10:16:00
258,Loaded,2026-03-18 10:17:00
259,Base,2026-03-18 10:18:00
260,Loaded,2026-03-18 10:19:00
261,Loaded,2026-03-18 10:20:00
262,Loaded,2026-03-18 10:21:00
263,Mid,2026-03-18 10:22:00
264,Base,2026-03-18 10:23:00
265,Base,2026-03-18 10:24:00
266,Base,2026-03-18 10:25:00
267,Base,2026-03-18 10:26:00
268,Base,2026-03-18 10:27:00
269,Base,2026-03-18 10:28:00
270,Loaded,2026-03-18 10:29:00
271,Loaded,2026-03-18 10:30:00
272,Loaded,2026-03-18 10:31:00
273,Base,2026-03-18 10:32:00
274,Base,2026-03-18 10:33:00
275,Base,2026-03-18 10:34:00
276,Base,2026-03-18 10:35:00
277,Base,2026-03-18 10:36:00
278,Mid,2026-03-18 10:37:00
279,Base,2026-03-18 10:38:00
280,Base,2026-03-18 10:39:00
281,Base,2026-03-18 10:40:00
282,Loaded,2026-03-18 10:41:00
283,Base,2026-03-18 10:42:00
284,Loaded,2026-03-18 10:43:00
285,Mid,2026-03-18 10:44:00
286,Mid,2026-03-18 10:45:00
287,Mid,2026-03-18 10:46:00
288,Base,2026-03-18 10:47:00
289,Loaded,2026-03-18 10:48:00
290,Base,2026-03-18 10:49:00
291,Base,2026-03-18 10:50:00
292,Mid,2026-03-18 10:51:00
293,Loaded,2026-03-18 10:52:00
294,Base,2026-03-18 10:53:00
295,Mid,2026-03-18 10:54:00
296,Loaded,2026-03-18 10:55:00
297,Base,2026-03-18 10:56:00
298,Mid,2026-03-18 10:57:00
299,Base,2026-03-18 10:58:00
300,Mid,2026-03-18 10:59:00
301,Base,2026-03-18 11:00:00
302,Mid,2026-03-18 11:01:00
303,Base,2026-03-18 11:02:00
304,Base,2026-03-18 11:03:00
305,Loaded,2026-03-18 11:04:00
306,Base,2026-03-18 11:05:00
307,Base,2026-03-18 11:06:00
308,Loaded,2026-03-18 11:07:00
309,Base,2026-03-18 11:08:00
310,Mid,2026-03-18 11:09:00
311,Base,2026-03-18 11:10:00
312,Base,2026-03-18 11:11:00
313,Mid,2026-03-18 11:12:00
314,Mid,2026-03-18 11:13:00
315,Loaded,2026-03-18 11:14:00
316,Loaded,2026-03-18 11:15:00
317,Base,2026-03-18 11:16:00
318,Mid,2026-03-18 11:17:00
319,Base,2026-03-18 11:18:00
320,Base,2026-03-18 11:19:00
321,Loaded,2026-03-18 11:20:00
322,Base,2026-03-18 11:21:00
323,Mid,2026-03-18 11:22:00
324,Base,2026-03-18 11:23:00
325,Mid,2026-03-18 11:24:00
326,Base,2026-03-18 11:25:00
327,Loaded,2026-03-18 11:26:00
328,Base,2026-03-18 11:27:00
329,Base,2026-03-18 11:28:00
330,Loaded,2026-03-18 11:29:00
331,Base,2026-03-18 11:30:00
332,Mid,2026-03-18 11:31:00
333,Base,2026-03-18 11:32:00
334,Loaded,2026-03-18 11:33:00
335,Base,2026-03-18 11:34:00
336,Mid,2026-03-18 11:35:00
337,Mid,2026-03-18 11:36:00
338,Mid,2026-03-18 11:37:00
339,Loaded,2026-03-18 11:38:00
340,Mid,2026-03-18 11:39:00
341,Base,2026-03-18 11:40:00
342,Mid,2026-03-18 11:41:00
343,Mid,2026-03-18 11:42:00
344,Base,2026-03-18 11:43:00
345,Mid,2026-03-18 11:44:00
346,Base,2026-03-18 11:45:00
347,Base,2026-03-18 11:46:00
348,Mid,2026-03-18 11:47:00
349,Base,2026-03-18 11:48:00
350,Base,2026-03-18 11:49:00
351,Mid,2026-03-18 11:50:00
352,Base,2026-03-18 11:51:00
353,Base,2026-03-18 11:52:00
354,Base,2026-03-18 11:53:00
355,Base,2026-03-18 11:54:00
356,Base,2026-03-18 11:55:00
357,Base,2026-03-18 11:56:00
358,Base,2026-03-18 11:57:00
359,Loaded,2026-03-18 11:58:00
360,Base,2026-03-18 11:59:00
361,Mid,2026-03-18 12:00:00
362,Base,2026-03-18 12:01:00
363,Mid,2026-03-18 12:02:00
364,Base,2026-03-18 12:03:00
365,Base,2026-03-18 12:04:00
366,Base,2026-03-18 12:05:00
367,Base,2026-03-18 12:06:00
368,Base,2026-03-18 12:07:00
369,Base,2026-03-18 12:08:00
370,Loaded,2026-03-18 12:09:00
371,Base,2026-03-18 12:10:00
372,Base,2026-03-18 12:11:00
373,Mid,2026-03-18 12:12:00
374,Loaded,2026-03-18 12:13:00
375,Base,2026-03-18 12:14:00
376,Base,2026-03-18 12:15:00
377,Base,2026-03-18 12:16:00
378,Base,2026-03-18 12:17:00
379,Mid,2026-03-18 12:18:00
380,Mid,2026-03-18 12:19:00
381,Base,2026-03-18 12:20:00
382,Base,2026-03-18 12:21:00
383,Base,2026-03-18 12:22:00
384,Mid,2026-03-18 12:23:00
385,Mid,2026-03-18 12:24:00
386,Base,2026-03-18 12:25:00
387,Base,2026-03-18 12:26:00
388,Base,2026-03-18 12:27:00
389,Base,2026-03-18 12:28:00
390,Mid,2026-03-18 12:29:00
391,Loaded,2026-03-18 12:30:00
392,Base,2026-03-18 12:31:00
393,Base,2026-03-18 12:32:00
394,Loaded,2026-03-18 12:33:00
395,Mid,2026-03-18 12:34:00
396,Loaded,2026-03-18 12:35:00
397,Base,2026-03-18 12:36:00
398,Mid,2026-03-18 12:37:00
399,Loaded,2026-03-18 12:38:00
400,Base,2026-03-18 12:39:00
401,Base,2026-03-18 12:40:00
402,Loaded,2026-03-18 12:41:00
403,Base,2026-03-18 12:42:00
404,Base,2026-03-18 12:43:00
405,Base,2026-03-18 12:44:00
406,Loaded,2026-03-18 12:45:00
407,Mid,2026-03-18 12:46:00
408,Base,2026-03-18 12:47:00
409,Base,2026-03-18 12:48:00
410,Base,2026-03-18 12:49:00
411,Base,2026-03-18 12:50:00
412,Mid,2026-03-18 12:51:00
413,Base,2026-03-18 12:52:00
414,Base,2026-03-18 12:53:00
415,Mid,2026-03-18 12:54:00
416,Base,2026-03-18 12:55:00
417,Mid,2026-03-18 12:56:00
418,Loaded,2026-03-18 12:57:00
419,Mid,2026-03-18 12:58:00
420,Base,2026-03-18 12:59:00
421,Loaded,2026-03-18 13:00:00
422,Base,2026-03-18 13:01:00
423,Loaded,2026-03-18 13:02:00
424,Mid,2026-03-18 13:03:00
425,Mid,2026-03-18 13:04:00
426,Loaded,2026-03-18 13:05:00
427,Base,2026-03-18 13:06:00
428,Base,2026-03-18 13:07:00
429,Mid,2026-03-18 13:08:00
430,Base,2026-03-18 13:09:00
431,Loaded,2026-03-18 13:10:00
432,Base,2026-03-18 13:11:00
433,Base,2026-03-18 13:12:00
434,Loaded,2026-03-18 13:13:00
435,Base,2026-03-18 13:14:00
436,Base,2026-03-18 13:15:00
437,Mid,2026-03-18 13:16:00
438,Mid,2026-03-18 13:17:00
439,Loaded,2026-03-18 13:18:00
440,Base,2026-03-18 13:19:00
441,Loaded,2026-03-18 13:20:00
442,Mid,2026-03-18 13:21:00
443,Mid,2026-03-18 13:22:00
444,Base,2026-03-18 13:23:00
445,Mid,2026-03-18 13:24:00
446,Base,2026-03-18 13:25:00
447,Mid,2026-03-18 13:26:00
448,Loaded,2026-03-18 13:27:00
449,Base,2026-03-18 13:28:00
450,Base,2026-03-18 13:29:00
451,Loaded,2026-03-18 13:30:00
452,Base,2026-03-18 13:31:00
453,Loaded,2026-03-18 13:32:00
454,Loaded,2026-03-18 13:33:00
455,Mid,2026-03-18 13:34:00
456,Loaded,2026-03-18 13:35:00
457,Mid,2026-03-18 13:36:00
458,Base,2026-03-18 13:37:00
459,Loaded,2026-03-18 13:38:00
460,Mid,2026-03-18 13:39:00
461,Base,2026-03-18 13:40:00
462,Base,2026-03-18 13:41:00
463,Base,2026-03-18 13:42:00
464,Mid,2026-03-18 13:43:00
465,Base,2026-03-18 13:44:00
466,Loaded,2026-03-18 13:45:00
467,Base,2026-03-18 13:46:00
468,Base,2026-03-18 13:47:00
469,Base,2026-03-18 13:48:00
470,Mid,2026-03-18 13:49:00
471,Loaded,2026-03-18 13:50:00
472,Base,2026-03-18 13:51:00
473,Base,2026-03-18 13:52:00
474,Loaded,2026-03-18 13:53:00
475,Mid,2026-03-18 13:54:00
476,Base,2026-03-18 13:55:00
477,Loaded,2026-03-18 13:56:00
478,Mid,2026-03-18 13:57:00
479,Base,2026-03-18 13:58:00
480,Base,2026-03-18 13:59:00
481,Mid,2026-03-18 14:00:00
482,Mid,2026-03-18 14:01:00
483,Base,2026-03-18 14:02:00
484,Base,2026-03-18 14:03:00
485,Base,2026-03-18 14:04:00
486,Base,2026-03-18 14:05:00
487,Mid,2026-03-18 14:06:00
488,Mid,2026-03-18 14:07:00
489,Mid,2026-03-18 14:08:00
490,Base,2026-03-18 14:09:00
491,Mid,2026-03-18 14:10:00
492,Mid,2026-03-18 14:11:00
493,Mid,2026-03-18 14:12:00
494,Base,2026-03-18 14:13:00
495,Mid,2026-03-18 14:14:00
496,Base,2026-03-18 14:15:00
497,Mid,2026-03-18 14:16:00
498,Base,2026-03-18 14:17:00
499,Base,2026-03-18 14:18:00
500,Base,2026-03-18 14:19:00
501,Base,2026-03-18 14:20:00
502,Base,2026-03-18 14:21:00
503,Loaded,2026-03-18 14:22:00
504,Mid,2026-03-18 14:23:00
505,Base,2026-03-18 14:24:00
506,Base,2026-03-18 14:25:00
507,Mid,2026-03-18 14:26:00
508,Mid,2026-03-18 14:27:00
509,Base,2026-03-18 14:28:00
510,Mid,2026-03-18 14:29:00
511,Mid,2026-03-18 14:30:00
512,Base,2026-03-18 14:31:00
513,Base,2026-03-18 14:32:00
514,Base,2026-03-18 14:33:00
515,Loaded,2026-03-18 14:34:00
516,Base,2026-03-18 14:35:00
517,Base,2026-03-18 14:36:00
518,Base,2026-03-18 14:37:00
519,Mid,2026-03-18 14:38:00
520,Base,2026-03-18 14:39:00
521,Mid,2026-03-18 14:40:00
522,Base,2026-03-18 14:41:00
523,Base,2026-03-18 14:42:00
524,Base,2026-03-18 14:43:00
525,Base,2026-03-18 14:44:00
526,Loaded,2026-03-18 14:45:00
527,Loaded,2026-03-18 14:46:00
528,Loaded,2026-03-18 14:47:00
529,Loaded,2026-03-18 14:48:00
530,Loaded,2026-03-18 14:49:00
531,Mid,2026-03-18 14:50:00
532,Mid,2026-03-18 14:51:00
533,Mid,2026-03-18 14:52:00
534,Loaded,2026-03-18 14:53:00
535,Mid,2026-03-18 14:54:00
536,Mid,2026-03-18 14:55:00
537,Mid,2026-03-18 14:56:00
538,Loaded,2026-03-18 14:57:00
539,Mid,2026-03-18 14:58:00
540,Base,2026-03-18 14:59:00
541,Mid,2026-03-18 15:00:00
542,Base,2026-03-18 15:01:00
543,Base,2026-03-18 15:02:00
544,Base,2026-03-18 15:03:00
545,Mid,2026-03-18 15:04:00
546,Loaded,2026-03-18 15:05:00
547,Mid,2026-03-18 15:06:00
548,Loaded,2026-03-18 15:07:00
549,Base,2026-03-18 15:08:00
550,Base,2026-03-18 15:09:00
551,Loaded,2026-03-18 15:10:00
552,Mid,2026-03-18 15:11:00
553,Mid,2026-03-18 15:12:00
554,Base,2026-03-18 15:13:00
555,Mid,2026-03-18 15:14:00
556,Base,2026-03-18 15:15:00
557,Base,2026-03-18 15:16:00
558,Base,2026-03-18 15:17:00
559,Base,2026-03-18 15:18:00
560,Base,2026-03-18 15:19:00
561,Base,2026-03-18 15:20:00
562,Loaded,2026-03-18 15:21:00
563,Mid,2026-03-18 15:22:00
564,Base,2026-03-18 15:23:00
565,Mid,2026-03-18 15:24:00
566,Loaded,2026-03-18 15:25:00
567,Base,2026-03-18 15:26:00
568,Loaded,2026-03-18 15:27:00
569,Loaded,2026-03-18 15:28:00
570,Base,2026-03-18 15:29:00
571,Base,2026-03-18 15:30:00
572,Mid,2026-03-18 15:31:00
573,Loaded,2026-03-18 15:32:00
574,Base,2026-03-18 15:33:00
575,Base,2026-03-18 15:34:00
576,Base,2026-03-18 15:35:00
577,Base,2026-03-18 15:36:00
578,Mid,2026-03-18 15:37:00
579,Base,2026-03-18 15:38:00
580,Loaded,2026-03-18 15:39:00
581,Base,2026-03-18 15:40:00
582,Base,2026-03-18 15:41:00
583,Mid,2026-03-18 15:42:00
584,Loaded,2026-03-18 15:43:00
585,Base,2026-03-18 15:44:00
586,Loaded,2026-03-18 15:45:00
587,Mid,2026-03-18 15:46:00
588,Mid,2026-03-18 15:47:00
589,Loaded,2026-03-18 15:48:00
590,Mid,2026-03-18 15:49:00
591,Mid,2026-03-18 15:50:00
592,Base,2026-03-18 15:51:00
593,Base,2026-03-18 15:52:00
594,Mid,2026-03-18 15:53:00
595,Base,2026-03-18 15:54:00
596,Base,2026-03-18 15:55:00
597,Base,2026-03-18 15:56:00
598,Loaded,2026-03-18 15:57:00
599,Base,2026-03-18 15:58:00
600,Loaded,2026-03-18 15:59:00
601,Base,2026-03-18 16:00:00
602,Mid,2026-03-18 16:01:00
603,Base,2026-03-18 16:02:00
604,Base,2026-03-18 16:03:00
605,Mid,2026-03-18 16:04:00
606,Loaded,2026-03-18 16:05:00
607,Base,2026-03-18 16:06:00
608,Loaded,2026-03-18 16:07:00
609,Base,2026-03-18 16:08:00
610,Base,2026-03-18 16:09:00
611,Loaded,2026-03-18 16:10:00
612,Loaded,2026-03-18 16:11:00
613,Loaded,2026-03-18 16:12:00
614,Base,2026-03-18 16:13:00
615,Mid,2026-03-18 16:14:00
616,Loaded,2026-03-18 16:15:00
617,Base,2026-03-18 16:16:00
618,Loaded,2026-03-18 16:17:00
619,Mid,2026-03-18 16:18:00
620,Loaded,2026-03-18 16:19:00
621,Base,2026-03-18 16:20:00
622,Mid,2026-03-18 16:21:00
623,Mid,2026-03-18 16:22:00
624,Base,2026-03-18 16:23:00
625,Mid,2026-03-18 16:24:00
626,Base,2026-03-18 16:25:00
627,Base,2026-03-18 16:26:00
628,Base,2026-03-18 16:27:00
629,Loaded,2026-03-18 16:28:00
630,Base,2026-03-18 16:29:00
631,Loaded,2026-03-18 16:30:00
632,Loaded,2026-03-18 16:31:00
633,Loaded,2026-03-18 16:32:00
634,Mid,2026-03-18 16:33:00
635,Base,2026-03-18 16:34:00
636,Mid,2026-03-18 16:35:00
637,Mid,2026-03-18 16:36:00
638,Mid,2026-03-18 16:37:00
639,Base,2026-03-18 16:38:00
640,Base,2026-03-18 16:39:00
641,Base,2026-03-18 16:40:00
642,Base,2026-03-18 16:41:00
643,Base,2026-03-18 16:42:00
644,Base,2026-03-18 16:43:00
645,Mid,2026-03-18 16:44:00
646,Mid,2026-03-18 16:45:00
647,Base,2026-03-18 16:46:00
648,Base,2026-03-18 16:47:00
649,Loaded,2026-03-18 16:48:00
650,Mid,2026-03-18 16:49:00
651,Base,2026-03-18 16:50:00
652,Base,2026-03-18 16:51:00
653,Loaded,2026-03-18 16:52:00
654,Mid,2026-03-18 16:53:00
655,Base,2026-03-18 16:54:00
656,Base,2026-03-18 16:55:00
657,Mid,2026-03-18 16:56:00
658,Base,2026-03-18 16:57:00
659,Base,2026-03-18 16:58:00
660,Loaded,2026-03-18 16:59:00
661,Base,2026-03-18 17:00:00
662,Base,2026-03-18 17:01:00
663,Loaded,2026-03-18 17:02:00
664,Loaded,2026-03-18 17:03:00
665,Base,2026-03-18 17:04:00
666,Base,2026-03-18 17:05:00
667,Base,2026-03-18 17:06:00
668,Loaded,2026-03-18 17:07:00
669,Mid,2026-03-18 17:08:00
670,Base,2026-03-18 17:09:00
671,Loaded,2026-03-18 17:10:00
672,Loaded,2026-03-18 17:11:00
673,Mid,2026-03-18 17:12:00
674,Base,2026-03-18 17:13:00
675,Mid,2026-03-18 17:14:00
676,Base,2026-03-18 17:15:00
677,Base,2026-03-18 17:16:00
678,Base,2026-03-18 17:17:00
679,Base,2026-03-18 17:18:00
680,Loaded,2026-03-18 17:19:00
681,Base,2026-03-18 17:20:00
682,Base,2026-03-18 17:21:00
683,Base,2026-03-18 17:22:00
684,Base,2026-03-18 17:23:00
685,Base,2026-03-18 17:24:00
686,Loaded,2026-03-18 17:25:00
687,Mid,2026-03-18 17:26:00
688,Mid,2026-03-18 17:27:00
689,Base,2026-03-18 17:28:00
690,Mid,2026-03-18 17:29:00
691,Mid,2026-03-18 17:30:00
692,Base,2026-03-18 17:31:00
693,Base,2026-03-18 17:32:00
694,Mid,2026-03-18 17:33:00
695,Base,2026-03-18 17:34:00
696,Loaded,2026-03-18 17:35:00
697,Base,2026-03-18 17:36:00
698,Base,2026-03-18 17:37:00
699,Mid,2026-03-18 17:38:00
700,Loaded,2026-03-18 17:39:00
701,Mid,2026-03-18 17:40:00
702,Mid,2026-03-18 17:41:00
703,Base,2026-03-18 17:42:00
704,Base,2026-03-18 17:43:00
705,Base,2026-03-18 17:44:00
706,Base,2026-03-18 17:45:00
707,Mid,2026-03-18 17:46:00
708,Base,2026-03-18 17:47:00
709,Loaded,2026-03-18 17:48:00
710,Base,2026-03-18 17:49:00
711,Base,2026-03-18 17:50:00
712,Base,2026-03-18 17:51:00
713,Loaded,2026-03-18 17:52:00
714,Base,2026-03-18 17:53:00
715,Base,2026-03-18 17:54:00
716,Mid,2026-03-18 17:55:00
717,Base,2026-03-18 17:56:00
718,Base,2026-03-18 17:57:00
719,Base,2026-03-18 17:58:00
720,Loaded,2026-03-18 17:59:00
721,Base,2026-03-18 18:00:00
722,Mid,2026-03-18 18:01:00
723,Loaded,2026-03-18 18:02:00
724,Mid,2026-03-18 18:03:00
725,Loaded,2026-03-18 18:04:00
726,Base,2026-03-18 18:05:00
727,Loaded,2026-03-18 18:06:00
728,Base,2026-03-18 18:07:00
729,Base,2026-03-18 18:08:00
730,Loaded,2026-03-18 18:09:00
731,Mid,2026-03-18 18:10:00
732,Base,2026-03-18 18:11:00
733,Mid,2026-03-18 18:12:00
734,Mid,2026-03-18 18:13:00
735,Base,2026-03-18 18:14:00
736,Base,2026-03-18 18:15:00
737,Base,2026-03-18 18:16:00
738,Base,2026-03-18 18:17:00
739,Mid,2026-03-18 18:18:00
740,Base,2026-03-18 18:19:00
741,Mid,2026-03-18 18:20:00
742,Mid,2026-03-18 18:21:00
743,Mid,2026-03-18 18:22:00
744,Mid,2026-03-18 18:23:00
745,Base,2026-03-18 18:24:00
746,Loaded,2026-03-18 18:25:00
747,Loaded,2026-03-18 18:26:00
748,Base,2026-03-18 18:27:00
749,Base,2026-03-18 18:28:00
750,Base,2026-03-18 18:29:00
751,Base,2026-03-18 18:30:00
752,Loaded,2026-03-18 18:31:00
753,Base,2026-03-18 18:32:00
754,Base,2026-03-18 18:33:00
755,Base,2026-03-18 18:34:00
756,Loaded,2026-03-18 18:35:00
757,Base,2026-03-18 18:36:00
758,Loaded,2026-03-18 18:37:00
759,Base,2026-03-18 18:38:00
760,Mid,2026-03-18 18:39:00
761,Mid,2026-03-18 18:40:00
762,Loaded,2026-03-18 18:41:00
763,Base,2026-03-18 18:42:00
764,Mid,2026-03-18 18:43:00
765,Base,2026-03-18 18:44:00
766,Loaded,2026-03-18 18:45:00
767,Mid,2026-03-18 18:46:00
768,Base,2026-03-18 18:47:00
769,Base,2026-03-18 18:48:00
770,Loaded,2026-03-18 18:49:00
771,Loaded,2026-03-18 18:50:00
772,Mid,2026-03-18 18:51:00
773,Base,2026-03-18 18:52:00
774,Base,2026-03-18 18:53:00
775,Mid,2026-03-18 18:54:00
776,Base,2026-03-18 18:55:00
777,Mid,2026-03-18 18:56:00
778,Base,2026-03-18 18:57:00
779,Base,2026-03-18 18:58:00
780,Base,2026-03-18 18:59:00
781,Loaded,2026-03-18 19:00:00
782,Base,2026-03-18 19:01:00
783,Loaded,2026-03-18 19:02:00
784,Base,2026-03-18 19:03:00
785,Base,2026-03-18 19:04:00
786,Base,2026-03-18 19:05:00
787,Base,2026-03-18 19:06:00
788,Loaded,2026-03-18 19:07:00
789,Loaded,2026-03-18 19:08:00
790,Loaded,2026-03-18 19:09:00
791,Base,2026-03-18 19:10:00
792,Loaded,2026-03-18 19:11:00
793,Loaded,2026-03-18 19:12:00
794,Base,2026-03-18 19:13:00
795,Loaded,2026-03-18 19:14:00
796,Base,2026-03-18 19:15:00
797,Base,2026-03-18 19:16:00
798,Mid,2026-03-18 19:17:00
799,Base,2026-03-18 19:18:00
800,Base,2026-03-18 19:19:00
801,Mid,2026-03-18 19:20:00
802,Mid,2026-03-18 19:21:00
803,Base,2026-03-18 19:22:00
804,Base,2026-03-18 19:23:00
805,Mid,2026-03-18 19:24:00
806,Base,2026-03-18 19:25:00
807,Base,2026-03-18 19:26:00
808,Loaded,2026-03-18 19:27:00
809,Loaded,2026-03-18 19:28:00
810,Mid,2026-03-18 19:29:00
811,Loaded,2026-03-18 19:30:00
812,Mid,2026-03-18 19:31:00
813,Loaded,2026-03-18 19:32:00
814,Base,2026-03-18 19:33:00
815,Base,2026-03-18 19:34:00
816,Base,2026-03-18 19:35:00
817,Base,2026-03-18 19:36:00
818,Base,2026-03-18 19:37:00
819,Base,2026-03-18 19:38:00
820,Mid,2026-03-18 19:39:00
821,Loaded,2026-03-18 19:40:00
822,Loaded,2026-03-18 19:41:00
823,Base,2026-03-18 19:42:00
824,Mid,2026-03-18 19:43:00
825,Base,2026-03-18 19:44:00
826,Base,2026-03-18 19:45:00
827,Loaded,2026-03-18 19:46:00
828,Mid,2026-03-18 19:47:00
829,Base,2026-03-18 19:48:00
830,Base,2026-03-18 19:49:00
831,Mid,2026-03-18 19:50:00
832,Mid,2026-03-18 19:51:00
833,Base,2026-03-18 19:52:00
834,Base,2026-03-18 19:53:00
835,Base,2026-03-18 19:54:00
836,Base,2026-03-18 19:55:00
837,Base,2026-03-18 19:56:00
838,Loaded,2026-03-18 19:57:00
839,Mid,2026-03-18 19:58:00
840,Loaded,2026-03-18 19:59:00
841,Base,2026-03-18 20:00:00
842,Loaded,2026-03-18 20:01:00
843,Base,2026-03-18 20:02:00
844,Base,2026-03-18 20:03:00
845,Base,2026-03-18 20:04:00
846,Base,2026-03-18 20:05:00
847,Mid,2026-03-18 20:06:00
848,Base,2026-03-18 20:07:00
849,Loaded,2026-03-18 20:08:00
850,Mid,2026-03-18 20:09:00
851,Loaded,2026-03-18 20:10:00
852,Base,2026-03-18 20:11:00
853,Base,2026-03-18 20:12:00
854,Base,2026-03-18 20:13:00
855,Loaded,2026-03-18 20:14:00
856,Base,2026-03-18 20:15:00
857,Base,2026-03-18 20:16:00
858,Base,2026-03-18 20:17:00
859,Base,2026-03-18 20:18:00
860,Base,2026-03-18 20:19:00
861,Base,2026-03-18 20:20:00
862,Base,2026-03-18 20:21:00
863,Base,2026-03-18 20:22:00
864,Base,2026-03-18 20:23:00
865,Base,2026-03-18 20:24:00
866,Mid,2026-03-18 20:25:00
867,Loaded,2026-03-18 20:26:00
868,Base,2026-03-18 20:27:00
869,Mid,2026-03-18 20:28:00
870,Mid,2026-03-18 20:29:00
871,Base,2026-03-18 20:30:00
872,Base,2026-03-18 20:31:00
873,Base,2026-03-18 20:32:00
874,Mid,2026-03-18 20:33:00
875,Loaded,2026-03-18 20:34:00
876,Mid,2026-03-18 20:35:00
877,Base,2026-03-18 20:36:00
878,Base,2026-03-18 20:37:00
879,Mid,2026-03-18 20:38:00
880,Base,2026-03-18 20:39:00
881,Loaded,2026-03-18 20:40:00
882,Loaded,2026-03-18 20:41:00
883,Base,2026-03-18 20:42:00
884,Base,2026-03-18 20:43:00
885,Mid,2026-03-18 20:44:00
886,Mid,2026-03-18 20:45:00
887,Mid,2026-03-18 20:46:00
888,Loaded,2026-03-18 20:47:00
889,Loaded,2026-03-18 20:48:00
890,Mid,2026-03-18 20:49:00
891,Base,2026-03-18 20:50:00
892,Mid,2026-03-18 20:51:00
893,Mid,2026-03-18 20:52:00
894,Base,2026-03-18 20:53:00
895,Loaded,2026-03-18 20:54:00
896,Base,2026-03-18 20:55:00
897,Loaded,2026-03-18 20:56:00
898,Base,2026-03-18 20:57:00
899,Base,2026-03-18 20:58:00
900,Base,2026-03-18 20:59:00
901,Base,2026-03-18 21:00:00
902,Base,2026-03-18 21:01:00
903,Base,2026-03-18 21:02:00
904,Mid,2026-03-18 21:03:00
905,Loaded,2026-03-18 21:04:00
906,Mid,2026-03-18 21:05:00
907,Loaded,2026-03-18 21:06:00
908,Mid,2026-03-18 21:07:00
909,Base,2026-03-18 21:08:00
910,Base,2026-03-18 21:09:00
911,Base,2026-03-18 21:10:00
912,Base,2026-03-18 21:11:00
913,Base,2026-03-18 21:12:00
914,Base,2026-03-18 21:13:00
915,Loaded,2026-03-18 21:14:00
916,Base,2026-03-18 21:15:00
917,Mid,2026-03-18 21:16:00
918,Mid,2026-03-18 21:17:00
919,Base,2026-03-18 21:18:00
920,Base,2026-03-18 21:19:00
921,Base,2026-03-18 21:20:00
922,Base,2026-03-18 21:21:00
923,Mid,2026-03-18 21:22:00
924,Base,2026-03-18 21:23:00
925,Mid,2026-03-18 21:24:00
926,Mid,2026-03-18 21:25:00
927,Base,2026-03-18 21:26:00
928,Loaded,2026-03-18 21:27:00
929,Base,2026-03-18 21:28:00
930,Base,2026-03-18 21:29:00
931,Base,2026-03-18 21:30:00
932,Base,2026-03-18 21:31:00
933,Base,2026-03-18 21:32:00
934,Mid,2026-03-18 21:33:00
935,Base,2026-03-18 21:34:00
936,Base,2026-03-18 21:35:00
937,Base,2026-03-18 21:36:00
938,Base,2026-03-18 21:37:00
939,Loaded,2026-03-18 21:38:00
940,Loaded,2026-03-18 21:39:00
941,Base,2026-03-18 21:40:00
942,Base,2026-03-18 21:41:00
943,Loaded,2026-03-18 21:42:00
944,Mid,2026-03-18 21:43:00
945,Mid,2026-03-18 21:44:00
946,Mid,2026-03-18 21:45:00
947,Base,2026-03-18 21:46:00
948,Mid,2026-03-18 21:47:00
949,Mid,2026-03-18 21:48:00
950,Mid,2026-03-18 21:49:00
951,Loaded,2026-03-18 21:50:00
952,Mid,2026-03-18 21:51:00
953,Base,2026-03-18 21:52:00
954,Mid,2026-03-18 21:53:00
955,Loaded,2026-03-18 21:54:00
956,Mid,2026-03-18 21:55:00
957,Loaded,2026-03-18 21:56:00
958,Mid,2026-03-18 21:57:00
959,Mid,2026-03-18 21:58:00
960,Mid,2026-03-18 21:59:00
961,Mid,2026-03-18 22:00:00
962,Base,2026-03-18 22:01:00
963,Base,2026-03-18 22:02:00
964,Loaded,2026-03-18 22:03:00
965,Mid,2026-03-18 22:04:00
966,Base,2026-03-18 22:05:00
967,Base,2026-03-18 22:06:00
968,Loaded,2026-03-18 22:07:00
969,Base,2026-03-18 22:08:00
970,Mid,2026-03-18 22:09:00
971,Mid,2026-03-18 22:10:00
972,Base,2026-03-18 22:11:00
973,Base,2026-03-18 22:12:00
974,Base,2026-03-18 22:13:00
975,Mid,2026-03-18 22:14:00
976,Loaded,2026-03-18 22:15:00
977,Mid,2026-03-18 22:16:00
978,Base,2026-03-18 22:17:00
979,Base,2026-03-18 22:18:00
980,Mid,2026-03-18 22:19:00
981,Base,2026-03-18 22:20:00
982,Base,2026-03-18 22:21:00
983,Base,2026-03-18 22:22:00
984,Mid,2026-03-18 22:23:00
985,Base,2026-03-18 22:24:00
986,Loaded,2026-03-18 22:25:00
987,Loaded,2026-03-18 22:26:00
988,Base,2026-03-18 22:27:00
989,Mid,2026-03-18 22:28:00
990,Base,2026-03-18 22:29:00
991,Base,2026-03-18 22:30:00
992,Base,2026-03-18 22:31:00
993,Mid,2026-03-18 22:32:00
994,Base,2026-03-18 22:33:00
995,Loaded,2026-03-18 22:34:00
996,Mid,2026-03-18 22:35:00
997,Base,2026-03-18 22:36:00
998,Base,2026-03-18 22:37:00
999,Base,2026-03-18 22:38:00
1000,Loaded,2026-03-18 22:39:00
1001,Loaded,2026-03-18 22:40:00
1002,Base,2026-03-18 22:41:00
1003,Mid,2026-03-18 22:42:00
1004,Mid,2026-03-18 22:43:00
1005,Mid,2026-03-18 22:44:00
1006,Base,2026-03-18 22:45:00
1007,Loaded,2026-03-18 22:46:00
1008,Base,2026-03-18 22:47:00
1009,Loaded,2026-03-18 22:48:00
1010,Mid,2026-03-18 22:49:00
1011,Mid,2026-03-18 22:50:00
1012,Base,2026-03-18 22:51:00
1013,Base,2026-03-18 22:52:00
1014,Base,2026-03-18 22:53:00
1015,Mid,2026-03-18 22:54:00
1016,Mid,2026-03-18 22:55:00
1017,Base,2026-03-18 22:56:00
1018,Base,2026-03-18 22:57:00
1019,Base,2026-03-18 22:58:00
1020,Base,2026-03-18 22:59:00
1021,Mid,2026-03-18 23:00:00
1022,Base,2026-03-18 23:01:00
1023,Mid,2026-03-18 23:02:00
1024,Base,2026-03-18 23:03:00
1025,Mid,2026-03-18 23:04:00
1026,Loaded,2026-03-18 23:05:00
1027,Base,2026-03-18 23:06:00
1028,Mid,2026-03-18 23:07:00
1029,Mid,2026-03-18 23:08:00
1030,Base,2026-03-18 23:09:00
1031,Base,2026-03-18 23:10:00
1032,Base,2026-03-18 23:11:00
1033,Mid,2026-03-18 23:12:00
1034,Mid,2026-03-18 23:13:00
1035,Base,2026-03-18 23:14:00
1036,Base,2026-03-18 23:15:00
1037,Base,2026-03-18 23:16:00
1038,Mid,2026-03-18 23:17:00
1039,Mid,2026-03-18 23:18:00
1040,Base,2026-03-18 23:19:00
1041,Base,2026-03-18 23:20:00
1042,Base,2026-03-18 23:21:00
1043,Base,2026-03-18 23:22:00
1044,Mid,2026-03-18 23:23:00
1045,Mid,2026-03-18 23:24:00
1046,Mid,2026-03-18 23:25:00
1047,Mid,2026-03-18 23:26:00
1048,Base,2026-03-18 23:27:00
1049,Base,2026-03-18 23:28:00
1050,Mid,2026-03-18 23:29:00
1051,Loaded,2026-03-18 23:30:00
1052,Loaded,2026-03-18 23:31:00
1053,Mid,2026-03-18 23:32:00
1054,Base,2026-03-18 23:33:00
1055,Mid,2026-03-18 23:34:00
1056,Base,2026-03-18 23:35:00
1057,Base,2026-03-18 23:36:00
1058,Base,2026-03-18 23:37:00
1059,Mid,2026-03-18 23:38:00
1060,Base,2026-03-18 23:39:00
1061,Base,2026-03-18 23:40:00
1062,Base,2026-03-18 23:41:00
1063,Base,2026-03-18 23:42:00
1064,Loaded,2026-03-18 23:43:00
1065,Loaded,2026-03-18 23:44:00
1066,Mid,2026-03-18 23:45:00
1067,Base,2026-03-18 23:46:00
1068,Loaded,2026-03-18 23:47:00
1069,Loaded,2026-03-18 23:48:00
1070,Base,2026-03-18 23:49:00
1071,Base,2026-03-18 23:50:00
1072,Base,2026-03-18 23:51:00
1073,Base,2026-03-18 23:52:00
1074,Mid,2026-03-18 23:53:00
1075,Mid,2026-03-18 23:54:00
1076,Mid,2026-03-18 23:55:00
1077,Loaded,2026-03-18 23:56:00
1078,Mid,2026-03-18 23:57:00
1079,Mid,2026-03-18 23:58:00
1080,Base,2026-03-18 23:59:00
1081,Mid,2026-03-19 00:00:00
1082,Base,2026-03-19 00:01:00
1083,Base,2026-03-19 00:02:00
1084,Base,2026-03-19 00:03:00
1085,Base,2026-03-19 00:04:00
1086,Base,2026-03-19 00:05:00
1087,Base,2026-03-19 00:06:00
1088,Mid,2026-03-19 00:07:00
1089,Base,2026-03-19 00:08:00
1090,Mid,2026-03-19 00:09:00
1091,Mid,2026-03-19 00:10:00
1092,Base,2026-03-19 00:11:00
1093,Loaded,2026-03-19 00:12:00
1094,Mid,2026-03-19 00:13:00
1095,Mid,2026-03-19 00:14:00
1096,Loaded,2026-03-19 00:15:00
1097,Base,2026-03-19 00:16:00
1098,Loaded,2026-03-19 00:17:00
1099,Base,2026-03-19 00:18:00
1100,Base,2026-03-19 00:19:00
1101,Base,2026-03-19 00:20:00
1102,Base,2026-03-19 00:21:00
1103,Mid,2026-03-19 00:22:00
1104,Base,2026-03-19 00:23:00
1105,Mid,2026-03-19 00:24:00
1106,Base,2026-03-19 00:25:00
1107,Mid,2026-03-19 00:26:00
1108,Loaded,2026-03-19 00:27:00
1109,Mid,2026-03-19 00:28:00
1110,Mid,2026-03-19 00:29:00
1111,Mid,2026-03-19 00:30:00
1112,Mid,2026-03-19 00:31:00
1113,Base,2026-03-19 00:32:00
1114,Mid,2026-03-19 00:33:00
1115,Base,2026-03-19 00:34:00
1116,Base,2026-03-19 00:35:00
1117,Loaded,2026-03-19 00:36:00
1118,Mid,2026-03-19 00:37:00
1119,Base,2026-03-19 00:38:00
1120,Base,2026-03-19 00:39:00
1121,Base,2026-03-19 00:40:00
1122,Base,2026-03-19 00:41:00
1123,Base,2026-03-19 00:42:00
1124,Base,2026-03-19 00:43:00
1125,Base,2026-03-19 00:44:00
1126,Mid,2026-03-19 00:45:00
1127,Base,2026-03-19 00:46:00
1128,Mid,2026-03-19 00:47:00
1129,Mid,2026-03-19 00:48:00
1130,Loaded,2026-03-19 00:49:00
1131,Base,2026-03-19 00:50:00
1132,Loaded,2026-03-19 00:51:00
1133,Loaded,2026-03-19 00:52:00
1134,Mid,2026-03-19 00:53:00
1135,Mid,2026-03-19 00:54:00
1136,Loaded,2026-03-19 00:55:00
1137,Base,2026-03-19 00:56:00
1138,Loaded,2026-03-19 00:57:00
1139,Base,2026-03-19 00:58:00
1140,Loaded,2026-03-19 00:59:00
1141,Mid,2026-03-19 01:00:00
1142,Base,2026-03-19 01:01:00
1143,Base,2026-03-19 01:02:00
1144,Base,2026-03-19 01:03:00
1145,Mid,2026-03-19 01:04:00
1146,Base,2026-03-19 01:05:00
1147,Base,2026-03-19 01:06:00
1148,Base,2026-03-19 01:07:00
1149,Base,2026-03-19 01:08:00
1150,Mid,2026-03-19 01:09:00
1151,Mid,2026-03-19 01:10:00
1152,Base,2026-03-19 01:11:00
1153,Mid,2026-03-19 01:12:00
1154,Base,2026-03-19 01:13:00
1155,Mid,2026-03-19 01:14:00
1156,Base,2026-03-19 01:15:00
1157,Mid,2026-03-19 01:16:00
1158,Base,2026-03-19 01:17:00
1159,Base,2026-03-19 01:18:00
1160,Mid,2026-03-19 01:19:00
1161,Base,2026-03-19 01:20:00
1162,Mid,2026-03-19 01:21:00
1163,Loaded,2026-03-19 01:22:00
1164,Loaded,2026-03-19 01:23:00
1165,Loaded,2026-03-19 01:24:00
1166,Base,2026-03-19 01:25:00
1167,Mid,2026-03-19 01:26:00
1168,Base,2026-03-19 01:27:00
1169,Loaded,2026-03-19 01:28:00
1170,Base,2026-03-19 01:29:00
1171,Loaded,2026-03-19 01:30:00
1172,Base,2026-03-19 01:31:00
1173,Base,2026-03-19 01:32:00
1174,Base,2026-03-19 01:33:00
1175,Base,2026-03-19 01:34:00
1176,Loaded,2026-03-19 01:35:00
1177,Base,2026-03-19 01:36:00
1178,Mid,2026-03-19 01:37:00
1179,Loaded,2026-03-19 01:38:00
1180,Base,2026-03-19 01:39:00
1181,Base,2026-03-19 01:40:00
1182,Mid,2026-03-19 01:41:00
1183,Mid,2026-03-19 01:42:00
1184,Base,2026-03-19 01:43:00
1185,Base,2026-03-19 01:44:00
1186,Mid,2026-03-19 01:45:00
1187,Base,2026-03-19 01:46:00
1188,Base,2026-03-19 01:47:00
1189,Mid,2026-03-19 01:48:00
1190,Base,2026-03-19 01:49:00
1191,Mid,2026-03-19 01:50:00
1192,Base,2026-03-19 01:51:00
1193,Base,2026-03-19 01:52:00
1194,Loaded,2026-03-19 01:53:00
1195,Mid,2026-03-19 01:54:00
1196,Mid,2026-03-19 01:55:00
1197,Loaded,2026-03-19 01:56:00
1198,Loaded,2026-03-19 01:57:00
1199,Mid,2026-03-19 01:58:00
1200,Base,2026-03-19 01:59:00
1201,Mid,2026-03-19 02:00:00
1202,Base,2026-03-19 02:01:00
1203,Loaded,2026-03-19 02:02:00
1204,Mid,2026-03-19 02:03:00
1205,Loaded,2026-03-19 02:04:00
1206,Mid,2026-03-19 02:05:00
1207,Base,2026-03-19 02:06:00
1208,Base,2026-03-19 02:07:00
1209,Loaded,2026-03-19 02:08:00
1210,Loaded,2026-03-19 02:09:00
1211,Base,2026-03-19 02:10:00
1212,Base,2026-03-19 02:11:00
1213,Mid,2026-03-19 02:12:00
1214,Base,2026-03-19 02:13:00
1215,Mid,2026-03-19 02:14:00
1216,Mid,2026-03-19 02:15:00
1217,Base,2026-03-19 02:16:00
1218,Base,2026-03-19 02:17:00
1219,Mid,2026-03-19 02:18:00
1220,Loaded,2026-03-19 02:19:00
1221,Base,2026-03-19 02:20:00
1222,Base,2026-03-19 02:21:00
1223,Base,2026-03-19 02:22:00
1224,Loaded,2026-03-19 02:23:00
1225,Mid,2026-03-19 02:24:00
1226,Base,2026-03-19 02:25:00
1227,Mid,2026-03-19 02:26:00
1228,Loaded,2026-03-19 02:27:00
1229,Base,2026-03-19 02:28:00
1230,Base,2026-03-19 02:29:00
1231,Loaded,2026-03-19 02:30:00
1232,Mid,2026-03-19 02:31:00
1233,Base,2026-03-19 02:32:00
1234,Base,2026-03-19 02:33:00
1235,Mid,2026-03-19 02:34:00
1236,Mid,2026-03-19 02:35:00
1237,Base,2026-03-19 02:36:00
1238,Loaded,2026-03-19 02:37:00
1239,Base,2026-03-19 02:38:00
1240,Mid,2026-03-19 02:39:00
1241,Mid,2026-03-19 02:40:00
1242,Base,2026-03-19 02:41:00
1243,Base,2026-03-19 02:42:00
1244,Loaded,2026-03-19 02:43:00
1245,Base,2026-03-19 02:44:00
1246,Base,2026-03-19 02:45:00
1247,Base,2026-03-19 02:46:00
1248,Mid,2026-03-19 02:47:00
1249,Mid,2026-03-19 02:48:00
1250,Base,2026-03-19 02:49:00
1251,Base,2026-03-19 02:50:00
1252,Base,2026-03-19 02:51:00
1253,Mid,2026-03-19 02:52:00
1254,Base,2026-03-19 02:53:00
1255,Mid,2026-03-19 02:54:00
1256,Loaded,2026-03-19 02:55:00
1257,Base,2026-03-19 02:56:00
1258,Mid,2026-03-19 02:57:00
1259,Base,2026-03-19 02:58:00
1260,Base,2026-03-19 02:59:00
1261,Base,2026-03-19 03:00:00
1262,Base,2026-03-19 03:01:00
1263,Base,2026-03-19 03:02:00
1264,Base,2026-03-19 03:03:00
1265,Base,2026-03-19 03:04:00
1266,Base,2026-03-19 03:05:00
1267,Loaded,2026-03-19 03:06:00
1268,Base,2026-03-19 03:07:00
1269,Loaded,2026-03-19 03:08:00
1270,Base,2026-03-19 03:09:00
1271,Mid,2026-03-19 03:10:00
1272,Loaded,2026-03-19 03:11:00
1273,Base,2026-03-19 03:12:00
1274,Mid,2026-03-19 03:13:00
1275,Mid,2026-03-19 03:14:00
1276,Base,2026-03-19 03:15:00
1277,Base,2026-03-19 03:16:00
1278,Base,2026-03-19 03:17:00
1279,Base,2026-03-19 03:18:00
1280,Base,2026-03-19 03:19:00
1281,Mid,2026-03-19 03:20:00
1282,Mid,2026-03-19 03:21:00
1283,Base,2026-03-19 03:22:00
1284,Loaded,2026-03-19 03:23:00
1285,Base,2026-03-19 03:24:00
1286,Mid,2026-03-19 03:25:00
1287,Loaded,2026-03-19 03:26:00
1288,Base,2026-03-19 03:27:00
1289,Loaded,2026-03-19 03:28:00
1290,Base,2026-03-19 03:29:00
1291,Base,2026-03-19 03:30:00
1292,Mid,2026-03-19 03:31:00
1293,Mid,2026-03-19 03:32:00
1294,Loaded,2026-03-19 03:33:00
1295,Mid,2026-03-19 03:34:00
1296,Base,2026-03-19 03:35:00
1297,Mid,2026-03-19 03:36:00
1298,Loaded,2026-03-19 03:37:00
1299,Loaded,2026-03-19 03:38:00
1300,Mid,2026-03-19 03:39:00
1301,Base,2026-03-19 03:40:00
1302,Base,2026-03-19 03:41:00
1303,Mid,2026-03-19 03:42:00
1304,Base,2026-03-19 03:43:00
1305,Base,2026-03-19 03:44:00
1306,Base,2026-03-19 03:45:00
1307,Base,2026-03-19 03:46:00
1308,Mid,2026-03-19 03:47:00
1309,Base,2026-03-19 03:48:00
1310,Base,2026-03-19 03:49:00
1311,Loaded,2026-03-19 03:50:00
1312,Mid,2026-03-19 03:51:00
1313,Mid,2026-03-19 03:52:00
1314,Mid,2026-03-19 03:53:00
1315,Mid,2026-03-19 03:54:00
1316,Mid,2026-03-19 03:55:00
1317,Base,2026-03-19 03:56:00
1318,Mid,2026-03-19 03:57:00
1319,Loaded,2026-03-19 03:58:00
1320,Base,2026-03-19 03:59:00
1321,Mid,2026-03-19 04:00:00
1322,Base,2026-03-19 04:01:00
1323,Mid,2026-03-19 04:02:00
1324,Base,2026-03-19 04:03:00
1325,Base,2026-03-19 04:04:00
1326,Base,2026-03-19 04:05:00
1327,Base,2026-03-19 04:06:00
1328,Base,2026-03-19 04:07:00
1329,Base,2026-03-19 04:08:00
1330,Loaded,2026-03-19 04:09:00
1331,Mid,2026-03-19 04:10:00
1332,Base,2026-03-19 04:11:00
1333,Base,2026-03-19 04:12:00
1334,Loaded,2026-03-19 04:13:00
1335,Base,2026-03-19 04:14:00
1336,Base,2026-03-19 04:15:00
1337,Base,2026-03-19 04:16:00
1338,Base,2026-03-19 04:17:00
1339,Base,2026-03-19 04:18:00
1340,Base,2026-03-19 04:19:00
1341,Mid,2026-03-19 04:20:00
1342,Mid,2026-03-19 04:21:00
1343,Mid,2026-03-19 04:22:00
1344,Mid,2026-03-19 04:23:00
1345,Base,2026-03-19 04:24:00
1346,Base,2026-03-19 04:25:00
1347,Base,2026-03-19 04:26:00
1348,Base,2026-03-19 04:27:00
1349,Base,2026-03-19 04:28:00
1350,Mid,2026-03-19 04:29:00
1351,Mid,2026-03-19 04:30:00
1352,Base,2026-03-19 04:31:00
1353,Loaded,2026-03-19 04:32:00
1354,Base,2026-03-19 04:33:00
1355,Base,2026-03-19 04:34:00
1356,Base,2026-03-19 04:35:00
1357,Loaded,2026-03-19 04:36:00
1358,Mid,2026-03-19 04:37:00
1359,Mid,2026-03-19 04:38:00
1360,Base,2026-03-19 04:39:00
1361,Mid,2026-03-19 04:40:00
1362,Loaded,2026-03-19 04:41:00
1363,Mid,2026-03-19 04:42:00
1364,Mid,2026-03-19 04:43:00
1365,Base,2026-03-19 04:44:00
1366,Base,2026-03-19 04:45:00
1367,Loaded,2026-03-19 04:46:00
1368,Mid,2026-03-19 04:47:00
1369,Base,2026-03-19 04:48:00
1370,Base,2026-03-19 04:49:00
1371,Base,2026-03-19 04:50:00
1372,Base,2026-03-19 04:51:00
1373,Base,2026-03-19 04:52:00
1374,Base,2026-03-19 04:53:00
1375,Loaded,2026-03-19 04:54:00
1376,Loaded,2026-03-19 04:55:00
1377,Mid,2026-03-19 04:56:00
1378,Base,2026-03-19 04:57:00
1379,Base,2026-03-19 04:58:00
1380,Loaded,2026-03-19 04:59:00
1381,Base,2026-03-19 05:00:00
1382,Base,2026-03-19 05:01:00
1383,Base,2026-03-19 05:02:00
1384,Mid,2026-03-19 05:03:00
1385,Base,2026-03-19 05:04:00
1386,Mid,2026-03-19 05:05:00
1387,Base,2026-03-19 05:06:00
1388,Base,2026-03-19 05:07:00
1389,Base,2026-03-19 05:08:00
1390,Loaded,2026-03-19 05:09:00
1391,Base,2026-03-19 05:10:00
1392,Base,2026-03-19 05:11:00
1393,Base,2026-03-19 05:12:00
1394,Base,2026-03-19 05:13:00
1395,Base,2026-03-19 05:14:00
1396,Mid,2026-03-19 05:15:00
1397,Loaded,2026-03-19 05:16:00
1398,Base,2026-03-19 05:17:00
1399,Mid,2026-03-19 05:18:00
1400,Base,2026-03-19 05:19:00
1401,Loaded,2026-03-19 05:20:00
1402,Mid,2026-03-19 05:21:00
1403,Loaded,2026-03-19 05:22:00
1404,Base,2026-03-19 05:23:00
1405,Loaded,2026-03-19 05:24:00
1406,Base,2026-03-19 05:25:00
1407,Loaded,2026-03-19 05:26:00
1408,Mid,2026-03-19 05:27:00
1409,Base,2026-03-19 05:28:00
1410,Mid,2026-03-19 05:29:00
1411,Base,2026-03-19 05:30:00
1412,Base,2026-03-19 05:31:00
1413,Base,2026-03-19 05:32:00
1414,Base,2026-03-19 05:33:00
1415,Base,2026-03-19 05:34:00
1416,Loaded,2026-03-19 05:35:00
1417,Mid,2026-03-19 05:36:00
1418,Mid,2026-03-19 05:37:00
1419,Base,2026-03-19 05:38:00
1420,Mid,2026-03-19 05:39:00
1421,Base,2026-03-19 05:40:00
1422,Base,2026-03-19 05:41:00
1423,Base,2026-03-19 05:42:00
1424,Loaded,2026-03-19 05:43:00
1425,Mid,2026-03-19 05:44:00
1426,Mid,2026-03-19 05:45:00
1427,Base,2026-03-19 05:46:00
1428,Base,2026-03-19 05:47:00
1429,Loaded,2026-03-19 05:48:00
1430,Base,2026-03-19 05:49:00
1431,Base,2026-03-19 05:50:00
1432,Base,2026-03-19 05:51:00
1433,Base,2026-03-19 05:52:00
1434,Base,2026-03-19 05:53:00
1435,Loaded,2026-03-19 05:54:00
1436,Mid,2026-03-19 05:55:00
1437,Mid,2026-03-19 05:56:00
1438,Mid,2026-03-19 05:57:00
1439,Loaded,2026-03-19 05:58:00
1440,Base,2026-03-19 05:59:00
1441,Base,2026-03-19 06:00:00
1442,Base,2026-03-19 06:01:00
1443,Base,2026-03-19 06:02:00
1444,Mid,2026-03-19 06:03:00
1445,Base,2026-03-19 06:04:00
1446,Mid,2026-03-19 06:05:00
1447,Loaded,2026-03-19 06:06:00
1448,Base,2026-03-19 06:07:00
1449,Mid,2026-03-19 06:08:00
1450,Mid,2026-03-19 06:09:00
1451,Base,2026-03-19 06:10:00
1452,Base,2026-03-19 06:11:00
1453,Base,2026-03-19 06:12:00
1454,Loaded,2026-03-19 06:13:00
1455,Mid,2026-03-19 06:14:00
1456,Loaded,2026-03-19 06:15:00
1457,Loaded,2026-03-19 06:16:00
1458,Loaded,2026-03-19 06:17:00
1459,Base,2026-03-19 06:18:00
1460,Loaded,2026-03-19 06:19:00
1461,Base,2026-03-19 06:20:00
1462,Base,2026-03-19 06:21:00
1463,Base,2026-03-19 06:22:00
1464,Base,2026-03-19 06:23:00
1465,Mid,2026-03-19 06:24:00
1466,Mid,2026-03-19 06:25:00
1467,Base,2026-03-19 06:26:00
1468,Mid,2026-03-19 06:27:00
1469,Loaded,2026-03-19 06:28:00
1470,Mid,2026-03-19 06:29:00
1471,Base,2026-03-19 06:30:00
1472,Mid,2026-03-19 06:31:00
1473,Base,2026-03-19 06:32:00
1474,Mid,2026-03-19 06:33:00
1475,Base,2026-03-19 06:34:00
1476,Base,2026-03-19 06:35:00
1477,Base,2026-03-19 06:36:00
1478,Base,2026-03-19 06:37:00
1479,Mid,2026-03-19 06:38:00
1480,Base,2026-03-19 06:39:00
1481,Base,2026-03-19 06:40:00
1482,Mid,2026-03-19 06:41:00
1483,Mid,2026-03-19 06:42:00
1484,Loaded,2026-03-19 06:43:00
1485,Mid,2026-03-19 06:44:00
1486,Base,2026-03-19 06:45:00
1487,Base,2026-03-19 06:46:00
1488,Mid,2026-03-19 06:47:00
1489,Mid,2026-03-19 06:48:00
1490,Base,2026-03-19 06:49:00
1491,Mid,2026-03-19 06:50:00
1492,Base,2026-03-19 06:51:00
1493,Mid,2026-03-19 06:52:00
1494,Base,2026-03-19 06:53:00
1495,Mid,2026-03-19 06:54:00
1496,Loaded,2026-03-19 06:55:00
1497,Mid,2026-03-19 06:56:00
1498,Base,2026-03-19 06:57:00
1499,Base,2026-03-19 06:58:00
1500,Base,2026-03-19 06:59:00
1501,Base,2026-03-19 07:00:00
1502,Base,2026-03-19 07:01:00
1503,Mid,2026-03-19 07:02:00
1504,Base,2026-03-19 07:03:00
1505,Base,2026-03-19 07:04:00
1506,Loaded,2026-03-19 07:05:00
1507,Base,2026-03-19 07:06:00
1508,Base,2026-03-19 07:07:00
1509,Loaded,2026-03-19 07:08:00
1510,Base,2026-03-19 07:09:00
1511,Base,2026-03-19 07:10:00
1512,Mid,2026-03-19 07:11:00
1513,Loaded,2026-03-19 07:12:00
1514,Loaded,2026-03-19 07:13:00
1515,Base,2026-03-19 07:14:00
1516,Mid,2026-03-19 07:15:00
1517,Mid,2026-03-19 07:16:00
1518,Base,2026-03-19 07:17:00
1519,Mid,2026-03-19 07:18:00
1520,Base,2026-03-19 07:19:00
1521,Mid,2026-03-19 07:20:00
1522,Base,2026-03-19 07:21:00
1523,Base,2026-03-19 07:22:00
1524,Base,2026-03-19 07:23:00
1525,Mid,2026-03-19 07:24:00
1526,Base,2026-03-19 07:25:00
1527,Base,2026-03-19 07:26:00
1528,Base,2026-03-19 07:27:00
1529,Base,2026-03-19 07:28:00
1530,Mid,2026-03-19 07:29:00
1531,Base,2026-03-19 07:30:00
1532,Base,2026-03-19 07:31:00
1533,Loaded,2026-03-19 07:32:00
1534,Loaded,2026-03-19 07:33:00
1535,Base,2026-03-19 07:34:00
1536,Base,2026-03-19 07:35:00
1537,Base,2026-03-19 07:36:00
1538,Mid,2026-03-19 07:37:00
1539,Mid,2026-03-19 07:38:00
1540,Base,2026-03-19 07:39:00
1541,Base,2026-03-19 07:40:00
1542,Loaded,2026-03-19 07:41:00
1543,Loaded,2026-03-19 07:42:00
1544,Mid,2026-03-19 07:43:00
1545,Mid,2026-03-19 07:44:00
1546,Base,2026-03-19 07:45:00
1547,Mid,2026-03-19 07:46:00
1548,Loaded,2026-03-19 07:47:00
1549,Loaded,2026-03-19 07:48:00
1550,Base,2026-03-19 07:49:00
1551,Base,2026-03-19 07:50:00
1552,Base,2026-03-19 07:51:00
1553,Mid,2026-03-19 07:52:00
1554,Base,2026-03-19 07:53:00
1555,Loaded,2026-03-19 07:54:00
1556,Loaded,2026-03-19 07:55:00
1557,Base,2026-03-19 07:56:00
1558,Base,2026-03-19 07:57:00
1559,Loaded,2026-03-19 07:58:00
1560,Base,2026-03-19 07:59:00
1561,Base,2026-03-19 08:00:00
1562,Base,2026-03-19 08:01:00
1563,Base,2026-03-19 08:02:00
1564,Mid,2026-03-19 08:03:00
1565,Mid,2026-03-19 08:04:00
1566,Base,2026-03-19 08:05:00
1567,Loaded,2026-03-19 08:06:00
1568,Loaded,2026-03-19 08:07:00
1569,Base,2026-03-19 08:08:00
1570,Base,2026-03-19 08:09:00
1571,Base,2026-03-19 08:10:00
1572,Base,2026-03-19 08:11:00
1573,Base,2026-03-19 08:12:00
1574,Base,2026-03-19 08:13:00
1575,Mid,2026-03-19 08:14:00
1576,Base,2026-03-19 08:15:00
1577,Base,2026-03-19 08:16:00
1578,Mid,2026-03-19 08:17:00
1579,Loaded,2026-03-19 08:18:00
1580,Base,2026-03-19 08:19:00
1581,Base,2026-03-19 08:20:00
1582,Base,2026-03-19 08:21:00
1583,Mid,2026-03-19 08:22:00
1584,Base,2026-03-19 08:23:00
1585,Base,2026-03-19 08:24:00
1586,Mid,2026-03-19 08:25:00
1587,Base,2026-03-19 08:26:00
1588,Mid,2026-03-19 08:27:00
1589,Mid,2026-03-19 08:28:00
1590,Mid,2026-03-19 08:29:00
1591,Base,2026-03-19 08:30:00
1592,Loaded,2026-03-19 08:31:00
1593,Base,2026-03-19 08:32:00
1594,Base,2026-03-19 08:33:00
1595,Mid,2026-03-19 08:34:00
1596,Base,2026-03-19 08:35:00
1597,Base,2026-03-19 08:36:00
1598,Base,2026-03-19 08:37:00
1599,Loaded,2026-03-19 08:38:00
1600,Base,2026-03-19 08:39:00
1601,Base,2026-03-19 08:40:00
1602,Loaded,2026-03-19 08:41:00
1603,Loaded,2026-03-19 08:42:00
1604,Base,2026-03-19 08:43:00
1605,Mid,2026-03-19 08:44:00
1606,Mid,2026-03-19 08:45:00
1607,Base,2026-03-19 08:46:00
1608,Base,2026-03-19 08:47:00
1609,Loaded,2026-03-19 08:48:00
1610,Base,2026-03-19 08:49:00
1611,Base,2026-03-19 08:50:00
1612,Base,2026-03-19 08:51:00
1613,Mid,2026-03-19 08:52:00
1614,Mid,2026-03-19 08:53:00
1615,Mid,2026-03-19 08:54:00
1616,Loaded,2026-03-19 08:55:00
1617,Mid,2026-03-19 08:56:00
1618,Base,2026-03-19 08:57:00
1619,Loaded,2026-03-19 08:58:00
1620,Base,2026-03-19 08:59:00
1621,Base,2026-03-19 09:00:00
1622,Base,2026-03-19 09:01:00
1623,Loaded,2026-03-19 09:02:00
1624,Base,2026-03-19 09:03:00
1625,Base,2026-03-19 09:04:00
1626,Base,2026-03-19 09:05:00
1627,Base,2026-03-19 09:06:00
1628,Base,2026-03-19 09:07:00
1629,Base,2026-03-19 09:08:00
1630,Loaded,2026-03-19 09:09:00
1631,Loaded,2026-03-19 09:10:00
1632,Mid,2026-03-19 09:11:00
1633,Base,2026-03-19 09:12:00
1634,Base,2026-03-19 09:13:00
1635,Base,2026-03-19 09:14:00
1636,Mid,2026-03-19 09:15:00
1637,Base,2026-03-19 09:16:00
1638,Base,2026-03-19 09:17:00
1639,Loaded,2026-03-19 09:18:00
1640,Loaded,2026-03-19 09:19:00
1641,Loaded,2026-03-19 09:20:00
1642,Mid,2026-03-19 09:21:00
1643,Base,2026-03-19 09:22:00
1644,Base,2026-03-19 09:23:00
1645,Mid,2026-03-19 09:24:00
1646,Base,2026-03-19 09:25:00
1647,Loaded,2026-03-19 09:26:00
1648,Mid,2026-03-19 09:27:00
1649,Base,2026-03-19 09:28:00
1650,Loaded,2026-03-19 09:29:00
1651,Base,2026-03-19 09:30:00
1652,Base,2026-03-19 09:31:00
1653,Base,2026-03-19 09:32:00
1654,Base,2026-03-19 09:33:00
1655,Base,2026-03-19 09:34:00
1656,Loaded,2026-03-19 09:35:00
1657,Loaded,2026-03-19 09:36:00
1658,Loaded,2026-03-19 09:37:00
1659,Base,2026-03-19 09:38:00
1660,Mid,2026-03-19 09:39:00
1661,Base,2026-03-19 09:40:00
1662,Base,2026-03-19 09:41:00
1663,Mid,2026-03-19 09:42:00
1664,Mid,2026-03-19 09:43:00
1665,Base,2026-03-19 09:44:00
1666,Mid,2026-03-19 09:45:00
1667,Loaded,2026-03-19 09:46:00
1668,Mid,2026-03-19 09:47:00
1669,Loaded,2026-03-19 09:48:00
1670,Base,2026-03-19 09:49:00
1671,Base,2026-03-19 09:50:00
1672,Base,2026-03-19 09:51:00
1673,Base,2026-03-19 09:52:00
1674,Base,2026-03-19 09:53:00
1675,Mid,2026-03-19 09:54:00
1676,Mid,2026-03-19 09:55:00
1677,Loaded,2026-03-19 09:56:00
1678,Mid,2026-03-19 09:57:00
1679,Mid,2026-03-19 09:58:00
1680,Base,2026-03-19 09:59:00
1681,Loaded,2026-03-19 10:00:00
1682,Base,2026-03-19 10:01:00
1683,Mid,2026-03-19 10:02:00
1684,Base,2026-03-19 10:03:00
1685,Mid,2026-03-19 10:04:00
1686,Base,2026-03-19 10:05:00
1687,Mid,2026-03-19 10:06:00
1688,Mid,2026-03-19 10:07:00
1689,Mid,2026-03-19 10:08:00
1690,Base,2026-03-19 10:09:00
1691,Loaded,2026-03-19 10:10:00
1692,Loaded,2026-03-19 10:11:00
1693,Base,2026-03-19 10:12:00
1694,Loaded,2026-03-19 10:13:00
1695,Mid,2026-03-19 10:14:00
1696,Loaded,2026-03-19 10:15:00
1697,Mid,2026-03-19 10:16:00
1698,Base,2026-03-19 10:17:00
1699,Base,2026-03-19 10:18:00
1700,Mid,2026-03-19 10:19:00
1701,Mid,2026-03-19 10:20:00
1702,Base,2026-03-19 10:21:00
1703,Base,2026-03-19 10:22:00
1704,Base,2026-03-19 10:23:00
1705,Mid,2026-03-19 10:24:00
1706,Base,2026-03-19 10:25:00
1707,Base,2026-03-19 10:26:00
1708,Base,2026-03-19 10:27:00
1709,Base,2026-03-19 10:28:00
1710,Base,2026-03-19 10:29:00
1711,Loaded,2026-03-19 10:30:00
1712,Loaded,2026-03-19 10:31:00
1713,Loaded,2026-03-19 10:32:00
1714,Base,2026-03-19 10:33:00
1715,Base,2026-03-19 10:34:00
1716,Base,2026-03-19 10:35:00
1717,Loaded,2026-03-19 10:36:00
1718,Base,2026-03-19 10:37:00
1719,Base,2026-03-19 10:38:00
1720,Base,2026-03-19 10:39:00
1721,Mid,2026-03-19 10:40:00
1722,Mid,2026-03-19 10:41:00
1723,Loaded,2026-03-19 10:42:00
1724,Loaded,2026-03-19 10:43:00
1725,Base,2026-03-19 10:44:00
1726,Mid,2026-03-19 10:45:00
1727,Base,2026-03-19 10:46:00
1728,Loaded,2026-03-19 10:47:00
1729,Base,2026-03-19 10:48:00
1730,Loaded,2026-03-19 10:49:00
1731,Mid,2026-03-19 10:50:00
1732,Loaded,2026-03-19 10:51:00
1733,Mid,2026-03-19 10:52:00
1734,Base,2026-03-19 10:53:00
1735,Base,2026-03-19 10:54:00
1736,Mid,2026-03-19 10:55:00
1737,Base,2026-03-19 10:56:00
1738,Base,2026-03-19 10:57:00
1739,Loaded,2026-03-19 10:58:00
1740,Base,2026-03-19 10:59:00
1741,Loaded,2026-03-19 11:00:00
1742,Base,2026-03-19 11:01:00
1743,Mid,2026-03-19 11:02:00
1744,Mid,2026-03-19 11:03:00
1745,Base,2026-03-19 11:04:00
1746,Base,2026-03-19 11:05:00
1747,Mid,2026-03-19 11:06:00
1748,Mid,2026-03-19 11:07:00
1749,Base,2026-03-19 11:08:00
1750,Base,2026-03-19 11:09:00
1751,Mid,2026-03-19 11:10:00
1752,Mid,2026-03-19 11:11:00
1753,Mid,2026-03-19 11:12:00
1754,Base,2026-03-19 11:13:00
1755,Loaded,2026-03-19 11:14:00
1756,Mid,2026-03-19 11:15:00
1757,Base,2026-03-19 11:16:00
1758,Base,2026-03-19 11:17:00
1759,Loaded,2026-03-19 11:18:00
1760,Base,2026-03-19 11:19:00
1761,Mid,2026-03-19 11:20:00
1762,Base,2026-03-19 11:21:00
1763,Base,2026-03-19 11:22:00
1764,Base,2026-03-19 11:23:00
1765,Loaded,2026-03-19 11:24:00
1766,Mid,2026-03-19 11:25:00
1767,Mid,2026-03-19 11:26:00
1768,Base,2026-03-19 11:27:00
1769,Base,2026-03-19 11:28:00
1770,Loaded,2026-03-19 11:29:00
1771,Base,2026-03-19 11:30:00
1772,Mid,2026-03-19 11:31:00
1773,Base,2026-03-19 11:32:00
1774,Base,2026-03-19 11:33:00
1775,Base,2026-03-19 11:34:00
1776,Loaded,2026-03-19 11:35:00
1777,Base,2026-03-19 11:36:00
1778,Base,2026-03-19 11:37:00
1779,Base,2026-03-19 11:38:00
1780,Mid,2026-03-19 11:39:00
1781,Mid,2026-03-19 11:40:00
1782,Mid,2026-03-19 11:41:00
1783,Base,2026-03-19 11:42:00
1784,Loaded,2026-03-19 11:43:00
1785,Loaded,2026-03-19 11:44:00
1786,Loaded,2026-03-19 11:45:00
1787,Loaded,2026-03-19 11:46:00
1788,Loaded,2026-03-19 11:47:00
1789,Mid,2026-03-19 11:48:00
1790,Loaded,2026-03-19 11:49:00
1791,Base,2026-03-19 11:50:00
1792,Base,2026-03-19 11:51:00
1793,Loaded,2026-03-19 11:52:00
1794,Loaded,2026-03-19 11:53:00
1795,Mid,2026-03-19 11:54:00
1796,Mid,2026-03-19 11:55:00
1797,Mid,2026-03-19 11:56:00
1798,Mid,2026-03-19 11:57:00
1799,Base,2026-03-19 11:58:00
1800,Base,2026-03-19 11:59:00
1801,Base,2026-03-19 12:00:00
1802,Base,2026-03-19 12:01:00
1803,Base,2026-03-19 12:02:00
1804,Base,2026-03-19 12:03:00
1805,Mid,2026-03-19 12:04:00
1806,Loaded,2026-03-19 12:05:00
1807,Base,2026-03-19 12:06:00
1808,Mid,2026-03-19 12:07:00
1809,Mid,2026-03-19 12:08:00
1810,Base,2026-03-19 12:09:00
1811,Mid,2026-03-19 12:10:00
1812,Loaded,2026-03-19 12:11:00
1813,Base,2026-03-19 12:12:00
1814,Mid,2026-03-19 12:13:00
1815,Base,2026-03-19 12:14:00
1816,Mid,2026-03-19 12:15:00
1817,Mid,2026-03-19 12:16:00
1818,Base,2026-03-19 12:17:00
1819,Base,2026-03-19 12:18:00
1820,Base,2026-03-19 12:19:00
1821,Base,2026-03-19 12:20:00
1822,Mid,2026-03-19 12:21:00
1823,Base,2026-03-19 12:22:00
1824,Base,2026-03-19 12:23:00
1825,Base,2026-03-19 12:24:00
1826,Mid,2026-03-19 12:25:00
1827,Loaded,2026-03-19 12:26:00
1828,Loaded,2026-03-19 12:27:00
1829,Base,2026-03-19 12:28:00
1830,Base,2026-03-19 12:29:00
1831,Loaded,2026-03-19 12:30:00
1832,Loaded,2026-03-19 12:31:00
1833,Base,2026-03-19 12:32:00
1834,Base,2026-03-19 12:33:00
1835,Base,2026-03-19 12:34:00
1836,Mid,2026-03-19 12:35:00
1837,Base,2026-03-19 12:36:00
1838,Base,2026-03-19 12:37:00
1839,Base,2026-03-19 12:38:00
1840,Base,2026-03-19 12:39:00
1841,Base,2026-03-19 12:40:00
1842,Base,2026-03-19 12:41:00
1843,Base,2026-03-19 12:42:00
1844,Base,2026-03-19 12:43:00
1845,Base,2026-03-19 12:44:00
1846,Base,2026-03-19 12:45:00
1847,Loaded,2026-03-19 12:46:00
1848,Base,2026-03-19 12:47:00
1849,Base,2026-03-19 12:48:00
1850,Base,2026-03-19 12:49:00
1851,Base,2026-03-19 12:50:00
1852,Loaded,2026-03-19 12:51:00
1853,Base,2026-03-19 12:52:00
1854,Loaded,2026-03-19 12:53:00
1855,Base,2026-03-19 12:54:00
1856,Base,2026-03-19 12:55:00
1857,Mid,2026-03-19 12:56:00
1858,Base,2026-03-19 12:57:00
1859,Loaded,2026-03-19 12:58:00
1860,Base,2026-03-19 12:59:00
1861,Loaded,2026-03-19 13:00:00
1862,Mid,2026-03-19 13:01:00
1863,Loaded,2026-03-19 13:02:00
1864,Loaded,2026-03-19 13:03:00
1865,Base,2026-03-19 13:04:00
1866,Loaded,2026-03-19 13:05:00
1867,Base,2026-03-19 13:06:00
1868,Base,2026-03-19 13:07:00
1869,Mid,2026-03-19 13:08:00
1870,Mid,2026-03-19 13:09:00
1871,Base,2026-03-19 13:10:00
1872,Mid,2026-03-19 13:11:00
1873,Base,2026-03-19 13:12:00
1874,Base,2026-03-19 13:13:00
1875,Loaded,2026-03-19 13:14:00
1876,Loaded,2026-03-19 13:15:00
1877,Mid,2026-03-19 13:16:00
1878,Base,2026-03-19 13:17:00
1879,Base,2026-03-19 13:18:00
1880,Mid,2026-03-19 13:19:00
1881,Mid,2026-03-19 13:20:00
1882,Base,2026-03-19 13:21:00
1883,Base,2026-03-19 13:22:00
1884,Loaded,2026-03-19 13:23:00
1885,Base,2026-03-19 13:24:00
1886,Base,2026-03-19 13:25:00
1887,Base,2026-03-19 13:26:00
1888,Loaded,2026-03-19 13:27:00
1889,Mid,2026-03-19 13:28:00
1890,Base,2026-03-19 13:29:00
1891,Mid,2026-03-19 13:30:00
1892,Loaded,2026-03-19 13:31:00
1893,Base,2026-03-19 13:32:00
1894,Mid,2026-03-19 13:33:00
1895,Mid,2026-03-19 13:34:00
1896,Mid,2026-03-19 13:35:00
1897,Loaded,2026-03-19 13:36:00
1898,Base,2026-03-19 13:37:00
1899,Base,2026-03-19 13:38:00
1900,Base,2026-03-19 13:39:00
1901,Base,2026-03-19 13:40:00
1902,Base,2026-03-19 13:41:00
1903,Mid,2026-03-19 13:42:00
1904,Base,2026-03-19 13:43:00
1905,Loaded,2026-03-19 13:44:00
1906,Base,2026-03-19 13:45:00
1907,Mid,2026-03-19 13:46:00
1908,Base,2026-03-19 13:47:00
1909,Mid,2026-03-19 13:48:00
1910,Base,2026-03-19 13:49:00
1911,Loaded,2026-03-19 13:50:00
1912,Mid,2026-03-19 13:51:00
1913,Mid,2026-03-19 13:52:00
1914,Base,2026-03-19 13:53:00
1915,Base,2026-03-19 13:54:00
1916,Mid,2026-03-19 13:55:00
1917,Mid,2026-03-19 13:56:00
1918,Mid,2026-03-19 13:57:00
1919,Base,2026-03-19 13:58:00
1920,Mid,2026-03-19 13:59:00
1921,Mid,2026-03-19 14:00:00
1922,Mid,2026-03-19 14:01:00
1923,Mid,2026-03-19 14:02:00
1924,Base,2026-03-19 14:03:00
1925,Base,2026-03-19 14:04:00
1926,Mid,2026-03-19 14:05:00
1927,Loaded,2026-03-19 14:06:00
1928,Mid,2026-03-19 14:07:00
1929,Base,2026-03-19 14:08:00
1930,Loaded,2026-03-19 14:09:00
1931,Base,2026-03-19 14:10:00
1932,Mid,2026-03-19 14:11:00
1933,Mid,2026-03-19 14:12:00
1934,Base,2026-03-19 14:13:00
1935,Base,2026-03-19 14:14:00
1936,Loaded,2026-03-19 14:15:00
1937,Loaded,2026-03-19 14:16:00
1938,Loaded,2026-03-19 14:17:00
1939,Base,2026-03-19 14:18:00
1940,Base,2026-03-19 14:19:00
1941,Loaded,2026-03-19 14:20:00
1942,Base,2026-03-19 14:21:00
1943,Loaded,2026-03-19 14:22:00
1944,Base,2026-03-19 14:23:00
1945,Base,2026-03-19 14:24:00
1946,Base,2026-03-19 14:25:00
1947,Loaded,2026-03-19 14:26:00
1948,Mid,2026-03-19 14:27:00
1949,Base,2026-03-19 14:28:00
1950,Base,2026-03-19 14:29:00
1951,Base,2026-03-19 14:30:00
1952,Loaded,2026-03-19 14:31:00
1953,Base,2026-03-19 14:32:00
1954,Base,2026-03-19 14:33:00
1955,Mid,2026-03-19 14:34:00
1956,Base,2026-03-19 14:35:00
1957,Loaded,2026-03-19 14:36:00
1958,Base,2026-03-19 14:37:00
1959,Loaded,2026-03-19 14:38:00
1960,Base,2026-03-19 14:39:00
1961,Base,2026-03-19 14:40:00
1962,Loaded,2026-03-19 14:41:00
1963,Base,2026-03-19 14:42:00
1964,Base,2026-03-19 14:43:00
1965,Mid,2026-03-19 14:44:00
1966,Mid,2026-03-19 14:45:00
1967,Base,2026-03-19 14:46:00
1968,Mid,2026-03-19 14:47:00
1969,Mid,2026-03-19 14:48:00
1970,Mid,2026-03-19 14:49:00
1971,Base,2026-03-19 14:50:00
1972,Loaded,2026-03-19 14:51:00
1973,Mid,2026-03-19 14:52:00
1974,Mid,2026-03-19 14:53:00
1975,Mid,2026-03-19 14:54:00
1976,Base,2026-03-19 14:55:00
1977,Base,2026-03-19 14:56:00
1978,Base,2026-03-19 14:57:00
1979,Mid,2026-03-19 14:58:00
1980,Base,2026-03-19 14:59:00
1981,Base,2026-03-19 15:00:00
1982,Loaded,2026-03-19 15:01:00
1983,Loaded,2026-03-19 15:02:00
1984,Base,2026-03-19 15:03:00
1985,Mid,2026-03-19 15:04:00
1986,Base,2026-03-19 15:05:00
1987,Base,2026-03-19 15:06:00
1988,Mid,2026-03-19 15:07:00
1989,Mid,2026-03-19 15:08:00
1990,Base,2026-03-19 15:09:00
1991,Loaded,2026-03-19 15:10:00
1992,Mid,2026-03-19 15:11:00
1993,Base,2026-03-19 15:12:00
1994,Mid,2026-03-19 15:13:00
1995,Base,2026-03-19 15:14:00
1996,Base,2026-03-19 15:15:00
1997,Base,2026-03-19 15:16:00
1998,Base,2026-03-19 15:17:00
1999,Mid,2026-03-19 15:18:00
2000,Loaded,2026-03-19 15:19:00
2001,Base,2026-03-19 15:20:00
2002,Mid,2026-03-19 15:21:00
2003,Base,2026-03-19 15:22:00
2004,Mid,2026-03-19 15:23:00
2005,Base,2026-03-19 15:24:00
2006,Base,2026-03-19 15:25:00
2007,Mid,2026-03-19 15:26:00
2008,Base,2026-03-19 15:27:00
2009,Base,2026-03-19 15:28:00
2010,Mid,2026-03-19 15:29:00
2011,Loaded,2026-03-19 15:30:00
2012,Mid,2026-03-19 15:31:00
2013,Mid,2026-03-19 15:32:00
2014,Base,2026-03-19 15:33:00
2015,Loaded,2026-03-19 15:34:00
2016,Base,2026-03-19 15:35:00
2017,Base,2026-03-19 15:36:00
2018,Base,2026-03-19 15:37:00
2019,Mid,2026-03-19 15:38:00
2020,Base,2026-03-19 15:39:00
2021,Base,2026-03-19 15:40:00
2022,Mid,2026-03-19 15:41:00
2023,Loaded,2026-03-19 15:42:00
2024,Base,2026-03-19 15:43:00
2025,Base,2026-03-19 15:44:00
2026,Loaded,2026-03-19 15:45:00
2027,Base,2026-03-19 15:46:00
2028,Mid,2026-03-19 15:47:00
2029,Base,2026-03-19 15:48:00
2030,Base,2026-03-19 15:49:00
2031,Loaded,2026-03-19 15:50:00
2032,Mid,2026-03-19 15:51:00
2033,Mid,2026-03-19 15:52:00
2034,Mid,2026-03-19 15:53:00
2035,Mid,2026-03-19 15:54:00
2036,Mid,2026-03-19 15:55:00
2037,Loaded,2026-03-19 15:56:00
2038,Loaded,2026-03-19 15:57:00
2039,Base,2026-03-19 15:58:00
2040,Base,2026-03-19 15:59:00
2041,Base,2026-03-19 16:00:00
2042,Base,2026-03-19 16:01:00
2043,Base,2026-03-19 16:02:00
2044,Base,2026-03-19 16:03:00
2045,Base,2026-03-19 16:04:00
2046,Loaded,2026-03-19 16:05:00
2047,Base,2026-03-19 16:06:00
2048,Base,2026-03-19 16:07:00
2049,Loaded,2026-03-19 16:08:00
2050,Mid,2026-03-19 16:09:00
2051,Mid,2026-03-19 16:10:00
2052,Base,2026-03-19 16:11:00
2053,Base,2026-03-19 16:12:00
2054,Base,2026-03-19 16:13:00
2055,Base,2026-03-19 16:14:00
2056,Loaded,2026-03-19 16:15:00
2057,Base,2026-03-19 16:16:00
2058,Base,2026-03-19 16:17:00
2059,Base,2026-03-19 16:18:00
2060,Mid,2026-03-19 16:19:00
2061,Base,2026-03-19 16:20:00
2062,Base,2026-03-19 16:21:00
2063,Base,2026-03-19 16:22:00
2064,Base,2026-03-19 16:23:00
2065,Base,2026-03-19 16:24:00
2066,Mid,2026-03-19 16:25:00
2067,Base,2026-03-19 16:26:00
2068,Loaded,2026-03-19 16:27:00
2069,Loaded,2026-03-19 16:28:00
2070,Loaded,2026-03-19 16:29:00
2071,Base,2026-03-19 16:30:00
2072,Base,2026-03-19 16:31:00
2073,Mid,2026-03-19 16:32:00
2074,Base,2026-03-19 16:33:00
2075,Mid,2026-03-19 16:34:00
2076,Loaded,2026-03-19 16:35:00
2077,Base,2026-03-19 16:36:00
2078,Base,2026-03-19 16:37:00
2079,Mid,2026-03-19 16:38:00
2080,Mid,2026-03-19 16:39:00
2081,Base,2026-03-19 16:40:00
2082,Base,2026-03-19 16:41:00
2083,Base,2026-03-19 16:42:00
2084,Base,2026-03-19 16:43:00
2085,Loaded,2026-03-19 16:44:00
2086,Mid,2026-03-19 16:45:00
2087,Loaded,2026-03-19 16:46:00
2088,Base,2026-03-19 16:47:00
2089,Base,2026-03-19 16:48:00
2090,Loaded,2026-03-19 16:49:00
2091,Mid,2026-03-19 16:50:00
2092,Mid,2026-03-19 16:51:00
2093,Base,2026-03-19 16:52:00
2094,Base,2026-03-19 16:53:00
2095,Loaded,2026-03-19 16:54:00
2096,Base,2026-03-19 16:55:00
2097,Mid,2026-03-19 16:56:00
2098,Mid,2026-03-19 16:57:00
2099,Base,2026-03-19 16:58:00
2100,Mid,2026-03-19 16:59:00
2101,Loaded,2026-03-19 17:00:00
2102,Base,2026-03-19 17:01:00
2103,Mid,2026-03-19 17:02:00
2104,Mid,2026-03-19 17:03:00
2105,Base,2026-03-19 17:04:00
2106,Base,2026-03-19 17:05:00
2107,Mid,2026-03-19 17:06:00
2108,Loaded,2026-03-19 17:07:00
2109,Loaded,2026-03-19 17:08:00
2110,Base,2026-03-19 17:09:00
2111,Base,2026-03-19 17:10:00
2112,Base,2026-03-19 17:11:00
2113,Mid,2026-03-19 17:12:00
2114,Mid,2026-03-19 17:13:00
2115,Mid,2026-03-19 17:14:00
2116,Mid,2026-03-19 17:15:00
2117,Base,2026-03-19 17:16:00
2118,Base,2026-03-19 17:17:00
2119,Base,2026-03-19 17:18:00
2120,Base,2026-03-19 17:19:00
2121,Mid,2026-03-19 17:20:00
2122,Base,2026-03-19 17:21:00
2123,Mid,2026-03-19 17:22:00
2124,Base,2026-03-19 17:23:00
2125,Loaded,2026-03-19 17:24:00
2126,Mid,2026-03-19 17:25:00
2127,Mid,2026-03-19 17:26:00
2128,Mid,2026-03-19 17:27:00
2129,Base,2026-03-19 17:28:00
2130,Mid,2026-03-19 17:29:00
2131,Mid,2026-03-19 17:30:00
2132,Loaded,2026-03-19 17:31:00
2133,Loaded,2026-03-19 17:32:00
2134,Base,2026-03-19 17:33:00
2135,Base,2026-03-19 17:34:00
2136,Base,2026-03-19 17:35:00
2137,Mid,2026-03-19 17:36:00
2138,Base,2026-03-19 17:37:00
2139,Base,2026-03-19 17:38:00
2140,Base,2026-03-19 17:39:00
2141,Mid,2026-03-19 17:40:00
2142,Base,2026-03-19 17:41:00
2143,Base,2026-03-19 17:42:00
2144,Base,2026-03-19 17:43:00
2145,Base,2026-03-19 17:44:00
2146,Mid,2026-03-19 17:45:00
2147,Loaded,2026-03-19 17:46:00
2148,Base,2026-03-19 17:47:00
2149,Mid,2026-03-19 17:48:00
2150,Base,2026-03-19 17:49:00
2151,Base,2026-03-19 17:50:00
2152,Loaded,2026-03-19 17:51:00
2153,Base,2026-03-19 17:52:00
2154,Mid,2026-03-19 17:53:00
2155,Loaded,2026-03-19 17:54:00
2156,Mid,2026-03-19 17:55:00
2157,Base,2026-03-19 17:56:00
2158,Loaded,2026-03-19 17:57:00
2159,Mid,2026-03-19 17:58:00
2160,Loaded,2026-03-19 17:59:00
2161,Loaded,2026-03-19 18:00:00
2162,Mid,2026-03-19 18:01:00
2163,Loaded,2026-03-19 18:02:00
2164,Mid,2026-03-19 18:03:00
2165,Base,2026-03-19 18:04:00
2166,Base,2026-03-19 18:05:00
2167,Base,2026-03-19 18:06:00
2168,Loaded,2026-03-19 18:07:00
2169,Base,2026-03-19 18:08:00
2170,Loaded,2026-03-19 18:09:00
2171,Base,2026-03-19 18:10:00
2172,Mid,2026-03-19 18:11:00
2173,Mid,2026-03-19 18:12:00
2174,Base,2026-03-19 18:13:00
2175,Mid,2026-03-19 18:14:00
2176,Mid,2026-03-19 18:15:00
2177,Base,2026-03-19 18:16:00
2178,Loaded,2026-03-19 18:17:00
2179,Mid,2026-03-19 18:18:00
2180,Loaded,2026-03-19 18:19:00
2181,Base,2026-03-19 18:20:00
2182,Base,2026-03-19 18:21:00
2183,Base,2026-03-19 18:22:00
2184,Mid,2026-03-19 18:23:00
2185,Mid,2026-03-19 18:24:00
2186,Base,2026-03-19 18:25:00
2187,Loaded,2026-03-19 18:26:00
2188,Loaded,2026-03-19 18:27:00
2189,Loaded,2026-03-19 18:28:00
2190,Mid,2026-03-19 18:29:00
2191,Base,2026-03-19 18:30:00
2192,Base,2026-03-19 18:31:00
2193,Mid,2026-03-19 18:32:00
2194,Base,2026-03-19 18:33:00
2195,Loaded,2026-03-19 18:34:00
2196,Base,2026-03-19 18:35:00
2197,Mid,2026-03-19 18:36:00
2198,Base,2026-03-19 18:37:00
2199,Loaded,2026-03-19 18:38:00
2200,Mid,2026-03-19 18:39:00
2201,Base,2026-03-19 18:40:00
2202,Loaded,2026-03-19 18:41:00
2203,Mid,2026-03-19 18:42:00
2204,Loaded,2026-03-19 18:43:00
2205,Loaded,2026-03-19 18:44:00
2206,Loaded,2026-03-19 18:45:00
2207,Base,2026-03-19 18:46:00
2208,Base,2026-03-19 18:47:00
2209,Mid,2026-03-19 18:48:00
2210,Base,2026-03-19 18:49:00
2211,Base,2026-03-19 18:50:00
2212,Loaded,2026-03-19 18:51:00
2213,Loaded,2026-03-19 18:52:00
2214,Base,2026-03-19 18:53:00
2215,Base,2026-03-19 18:54:00
2216,Loaded,2026-03-19 18:55:00
2217,Mid,2026-03-19 18:56:00
2218,Mid,2026-03-19 18:57:00
2219,Loaded,2026-03-19 18:58:00
2220,Loaded,2026-03-19 18:59:00
2221,Base,2026-03-19 19:00:00
2222,Loaded,2026-03-19 19:01:00
2223,Loaded,2026-03-19 19:02:00
2224,Mid,2026-03-19 19:03:00
2225,Base,2026-03-19 19:04:00
2226,Loaded,2026-03-19 19:05:00
2227,Mid,2026-03-19 19:06:00
2228,Loaded,2026-03-19 19:07:00
2229,Mid,2026-03-19 19:08:00
2230,Mid,2026-03-19 19:09:00
2231,Base,2026-03-19 19:10:00
2232,Mid,2026-03-19 19:11:00
2233,Base,2026-03-19 19:12:00
2234,Loaded,2026-03-19 19:13:00
2235,Base,2026-03-19 19:14:00
2236,Mid,2026-03-19 19:15:00
2237,Mid,2026-03-19 19:16:00
2238,Loaded,2026-03-19 19:17:00
2239,Base,2026-03-19 19:18:00
2240,Base,2026-03-19 19:19:00
2241,Loaded,2026-03-19 19:20:00
2242,Mid,2026-03-19 19:21:00
2243,Base,2026-03-19 19:22:00
2244,Base,2026-03-19 19:23:00
2245,Mid,2026-03-19 19:24:00
2246,Mid,2026-03-19 19:25:00
2247,Base,2026-03-19 19:26:00
2248,Base,2026-03-19 19:27:00
2249,Mid,2026-03-19 19:28:00
2250,Base,2026-03-19 19:29:00
2251,Base,2026-03-19 19:30:00
2252,Loaded,2026-03-19 19:31:00
2253,Loaded,2026-03-19 19:32:00
2254,Loaded,2026-03-19 19:33:00
2255,Base,2026-03-19 19:34:00
2256,Loaded,2026-03-19 19:35:00
2257,Base,2026-03-19 19:36:00
2258,Mid,2026-03-19 19:37:00
2259,Mid,2026-03-19 19:38:00
2260,Base,2026-03-19 19:39:00
2261,Base,2026-03-19 19:40:00
2262,Loaded,2026-03-19 19:41:00
2263,Mid,2026-03-19 19:42:00
2264,Base,2026-03-19 19:43:00
2265,Base,2026-03-19 19:44:00
2266,Loaded,2026-03-19 19:45:00
2267,Base,2026-03-19 19:46:00
2268,Loaded,2026-03-19 19:47:00
2269,Base,2026-03-19 19:48:00
2270,Base,2026-03-19 19:49:00
2271,Base,2026-03-19 19:50:00
2272,Loaded,2026-03-19 19:51:00
2273,Mid,2026-03-19 19:52:00
2274,Base,2026-03-19 19:53:00
2275,Mid,2026-03-19 19:54:00
2276,Base,2026-03-19 19:55:00
2277,Base,2026-03-19 19:56:00
2278,Base,2026-03-19 19:57:00
2279,Base,2026-03-19 19:58:00
2280,Loaded,2026-03-19 19:59:00
2281,Mid,2026-03-19 20:00:00
2282,Mid,2026-03-19 20:01:00
2283,Base,2026-03-19 20:02:00
2284,Mid,2026-03-19 20:03:00
2285,Base,2026-03-19 20:04:00
2286,Base,2026-03-19 20:05:00
2287,Base,2026-03-19 20:06:00
2288,Mid,2026-03-19 20:07:00
2289,Mid,2026-03-19 20:08:00
2290,Base,2026-03-19 20:09:00
2291,Mid,2026-03-19 20:10:00
2292,Base,2026-03-19 20:11:00
2293,Base,2026-03-19 20:12:00
2294,Base,2026-03-19 20:13:00
2295,Mid,2026-03-19 20:14:00
2296,Base,2026-03-19 20:15:00
2297,Base,2026-03-19 20:16:00
2298,Mid,2026-03-19 20:17:00
2299,Loaded,2026-03-19 20:18:00
2300,Base,2026-03-19 20:19:00
2301,Loaded,2026-03-19 20:20:00
2302,Loaded,2026-03-19 20:21:00
2303,Loaded,2026-03-19 20:22:00
2304,Base,2026-03-19 20:23:00
2305,Base,2026-03-19 20:24:00
2306,Mid,2026-03-19 20:25:00
2307,Loaded,2026-03-19 20:26:00
2308,Base,2026-03-19 20:27:00
2309,Loaded,2026-03-19 20:28:00
2310,Mid,2026-03-19 20:29:00
2311,Mid,2026-03-19 20:30:00
2312,Mid,2026-03-19 20:31:00
2313,Loaded,2026-03-19 20:32:00
2314,Mid,2026-03-19 20:33:00
2315,Loaded,2026-03-19 20:34:00
2316,Loaded,2026-03-19 20:35:00
2317,Mid,2026-03-19 20:36:00
2318,Mid,2026-03-19 20:37:00
2319,Loaded,2026-03-19 20:38:00
2320,Base,2026-03-19 20:39:00
2321,Mid,2026-03-19 20:40:00
2322,Base,2026-03-19 20:41:00
2323,Mid,2026-03-19 20:42:00
2324,Base,2026-03-19 20:43:00
2325,Base,2026-03-19 20:44:00
2326,Base,2026-03-19 20:45:00
2327,Base,2026-03-19 20:46:00
2328,Loaded,2026-03-19 20:47:00
2329,Base,2026-03-19 20:48:00
2330,Mid,2026-03-19 20:49:00
2331,Mid,2026-03-19 20:50:00
2332,Base,2026-03-19 20:51:00
2333,Loaded,2026-03-19 20:52:00
2334,Loaded,2026-03-19 20:53:00
2335,Mid,2026-03-19 20:54:00
2336,Base,2026-03-19 20:55:00
2337,Base,2026-03-19 20:56:00
2338,Base,2026-03-19 20:57:00
2339,Loaded,2026-03-19 20:58:00
2340,Loaded,2026-03-19 20:59:00
2341,Mid,2026-03-19 21:00:00
2342,Base,2026-03-19 21:01:00
2343,Mid,2026-03-19 21:02:00
2344,Mid,2026-03-19 21:03:00
2345,Base,2026-03-19 21:04:00
2346,Base,2026-03-19 21:05:00
2347,Mid,2026-03-19 21:06:00
2348,Base,2026-03-19 21:07:00
2349,Mid,2026-03-19 21:08:00
2350,Mid,2026-03-19 21:09:00
2351,Loaded,2026-03-19 21:10:00
2352,Mid,2026-03-19 21:11:00
2353,Mid,2026-03-19 21:12:00
2354,Mid,2026-03-19 21:13:00
2355,Mid,2026-03-19 21:14:00
2356,Base,2026-03-19 21:15:00
2357,Loaded,2026-03-19 21:16:00
2358,Mid,2026-03-19 21:17:00
2359,Mid,2026-03-19 21:18:00
2360,Base,2026-03-19 21:19:00
2361,Base,2026-03-19 21:20:00
2362,Mid,2026-03-19 21:21:00
2363,Base,2026-03-19 21:22:00
2364,Base,2026-03-19 21:23:00
2365,Base,2026-03-19 21:24:00
2366,Loaded,2026-03-19 21:25:00
2367,Base,2026-03-19 21:26:00
2368,Loaded,2026-03-19 21:27:00
2369,Base,2026-03-19 21:28:00
2370,Base,2026-03-19 21:29:00
2371,Mid,2026-03-19 21:30:00
2372,Base,2026-03-19 21:31:00
2373,Base,2026-03-19 21:32:00
2374,Mid,2026-03-19 21:33:00
2375,Mid,2026-03-19 21:34:00
2376,Mid,2026-03-19 21:35:00
2377,Base,2026-03-19 21:36:00
2378,Base,2026-03-19 21:37:00
2379,Base,2026-03-19 21:38:00
2380,Base,2026-03-19 21:39:00
2381,Loaded,2026-03-19 21:40:00
2382,Base,2026-03-19 21:41:00
2383,Base,2026-03-19 21:42:00
2384,Base,2026-03-19 21:43:00
2385,Loaded,2026-03-19 21:44:00
2386,Base,2026-03-19 21:45:00
2387,Mid,2026-03-19 21:46:00
2388,Base,2026-03-19 21:47:00
2389,Mid,2026-03-19 21:48:00
2390,Loaded,2026-03-19 21:49:00
2391,Mid,2026-03-19 21:50:00
2392,Base,2026-03-19 21:51:00
2393,Base,2026-03-19 21:52:00
2394,Loaded,2026-03-19 21:53:00
2395,Base,2026-03-19 21:54:00
2396,Base,2026-03-19 21:55:00
2397,Mid,2026-03-19 21:56:00
2398,Base,2026-03-19 21:57:00
2399,Loaded,2026-03-19 21:58:00
2400,Mid,2026-03-19 21:59:00
2401,Loaded,2026-03-19 22:00:00
2402,Base,2026-03-19 22:01:00
2403,Loaded,2026-03-19 22:02:00
2404,Base,2026-03-19 22:03:00
2405,Base,2026-03-19 22:04:00
2406,Mid,2026-03-19 22:05:00
2407,Loaded,2026-03-19 22:06:00
2408,Loaded,2026-03-19 22:07:00
2409,Base,2026-03-19 22:08:00
2410,Loaded,2026-03-19 22:09:00
2411,Base,2026-03-19 22:10:00
2412,Base,2026-03-19 22:11:00
2413,Mid,2026-03-19 22:12:00
2414,Base,2026-03-19 22:13:00
2415,Loaded,2026-03-19 22:14:00
2416,Mid,2026-03-19 22:15:00
2417,Mid,2026-03-19 22:16:00
2418,Mid,2026-03-19 22:17:00
2419,Mid,2026-03-19 22:18:00
2420,Mid,2026-03-19 22:19:00
2421,Loaded,2026-03-19 22:20:00
2422,Loaded,2026-03-19 22:21:00
2423,Base,2026-03-19 22:22:00
2424,Base,2026-03-19 22:23:00
2425,Base,2026-03-19 22:24:00
2426,Loaded,2026-03-19 22:25:00
2427,Base,2026-03-19 22:26:00
2428,Base,2026-03-19 22:27:00
2429,Mid,2026-03-19 22:28:00
2430,Mid,2026-03-19 22:29:00
2431,Mid,2026-03-19 22:30:00
2432,Base,2026-03-19 22:31:00
2433,Base,2026-03-19 22:32:00
2434,Base,2026-03-19 22:33:00
2435,Mid,2026-03-19 22:34:00
2436,Mid,2026-03-19 22:35:00
2437,Base,2026-03-19 22:36:00
2438,Base,2026-03-19 22:37:00
2439,Mid,2026-03-19 22:38:00
2440,Mid,2026-03-19 22:39:00
2441,Mid,2026-03-19 22:40:00
2442,Loaded,2026-03-19 22:41:00
2443,Mid,2026-03-19 22:42:00
2444,Base,2026-03-19 22:43:00
2445,Mid,2026-03-19 22:44:00
2446,Mid,2026-03-19 22:45:00
2447,Base,2026-03-19 22:46:00
2448,Loaded,2026-03-19 22:47:00
2449,Mid,2026-03-19 22:48:00
2450,Mid,2026-03-19 22:49:00
2451,Base,2026-03-19 22:50:00
2452,Mid,2026-03-19 22:51:00
2453,Base,2026-03-19 22:52:00
2454,Mid,2026-03-19 22:53:00
2455,Base,2026-03-19 22:54:00
2456,Base,2026-03-19 22:55:00
2457,Mid,2026-03-19 22:56:00
2458,Mid,2026-03-19 22:57:00
2459,Base,2026-03-19 22:58:00
2460,Base,2026-03-19 22:59:00
2461,Base,2026-03-19 23:00:00
2462,Mid,2026-03-19 23:01:00
2463,Loaded,2026-03-19 23:02:00
2464,Loaded,2026-03-19 23:03:00
2465,Base,2026-03-19 23:04:00
2466,Base,2026-03-19 23:05:00
2467,Loaded,2026-03-19 23:06:00
2468,Base,2026-03-19 23:07:00
2469,Mid,2026-03-19 23:08:00
2470,Mid,2026-03-19 23:09:00
2471,Loaded,2026-03-19 23:10:00
2472,Loaded,2026-03-19 23:11:00
2473,Loaded,2026-03-19 23:12:00
2474,Mid,2026-03-19 23:13:00
2475,Base,2026-03-19 23:14:00
2476,Base,2026-03-19 23:15:00
2477,Base,2026-03-19 23:16:00
2478,Loaded,2026-03-19 23:17:00
2479,Base,2026-03-19 23:18:00
2480,Mid,2026-03-19 23:19:00
2481,Base,2026-03-19 23:20:00
2482,Loaded,2026-03-19 23:21:00
2483,Base,2026-03-19 23:22:00
2484,Base,2026-03-19 23:23:00
2485,Mid,2026-03-19 23:24:00
2486,Base,2026-03-19 23:25:00
2487,Base,2026-03-19 23:26:00
2488,Base,2026-03-19 23:27:00
2489,Base,2026-03-19 23:28:00
2490,Base,2026-03-19 23:29:00
2491,Loaded,2026-03-19 23:30:00
2492,Mid,2026-03-19 23:31:00
2493,Loaded,2026-03-19 23:32:00
2494,Loaded,2026-03-19 23:33:00
2495,Base,2026-03-19 23:34:00
2496,Base,2026-03-19 23:35:00
2497,Base,2026-03-19 23:36:00
2498,Loaded,2026-03-19 23:37:00
2499,Base,2026-03-19 23:38:00
2500,Base,2026-03-19 23:39:00
2501,Base,2026-03-19 23:40:00
2502,Loaded,2026-03-19 23:41:00
2503,Base,2026-03-19 23:42:00
2504,Loaded,2026-03-19 23:43:00
2505,Base,2026-03-19 23:44:00
2506,Mid,2026-03-19 23:45:00
2507,Mid,2026-03-19 23:46:00
2508,Base,2026-03-19 23:47:00
2509,Mid,2026-03-19 23:48:00
2510,Base,2026-03-19 23:49:00
2511,Base,2026-03-19 23:50:00
2512,Base,2026-03-19 23:51:00
2513,Base,2026-03-19 23:52:00
2514,Mid,2026-03-19 23:53:00
2515,Mid,2026-03-19 23:54:00
2516,Base,2026-03-19 23:55:00
2517,Mid,2026-03-19 23:56:00
2518,Base,2026-03-19 23:57:00
2519,Base,2026-03-19 23:58:00
2520,Base,2026-03-19 23:59:00
2521,Base,2026-03-20 00:00:00
2522,Base,2026-03-20 00:01:00
2523,Base,2026-03-20 00:02:00
2524,Base,2026-03-20 00:03:00
2525,Mid,2026-03-20 00:04:00
2526,Base,2026-03-20 00:05:00
2527,Loaded,2026-03-20 00:06:00
2528,Loaded,2026-03-20 00:07:00
2529,Loaded,2026-03-20 00:08:00
2530,Loaded,2026-03-20 00:09:00
2531,Base,2026-03-20 00:10:00
2532,Base,2026-03-20 00:11:00
2533,Mid,2026-03-20 00:12:00
2534,Base,2026-03-20 00:13:00
2535,Mid,2026-03-20 00:14:00
2536,Loaded,2026-03-20 00:15:00
2537,Base,2026-03-20 00:16:00
2538,Base,2026-03-20 00:17:00
2539,Loaded,2026-03-20 00:18:00
2540,Mid,2026-03-20 00:19:00
2541,Mid,2026-03-20 00:20:00
2542,Base,2026-03-20 00:21:00
2543,Loaded,2026-03-20 00:22:00
2544,Base,2026-03-20 00:23:00
2545,Base,2026-03-20 00:24:00
2546,Base,2026-03-20 00:25:00
2547,Loaded,2026-03-20 00:26:00
2548,Mid,2026-03-20 00:27:00
2549,Loaded,2026-03-20 00:28:00
2550,Base,2026-03-20 00:29:00
2551,Base,2026-03-20 00:30:00
2552,Base,2026-03-20 00:31:00
2553,Base,2026-03-20 00:32:00
2554,Base,2026-03-20 00:33:00
2555,Base,2026-03-20 00:34:00
2556,Base,2026-03-20 00:35:00
2557,Mid,2026-03-20 00:36:00
2558,Base,2026-03-20 00:37:00
2559,Base,2026-03-20 00:38:00
2560,Mid,2026-03-20 00:39:00
2561,Mid,2026-03-20 00:40:00
2562,Loaded,2026-03-20 00:41:00
2563,Base,2026-03-20 00:42:00
2564,Mid,2026-03-20 00:43:00
2565,Base,2026-03-20 00:44:00
2566,Mid,2026-03-20 00:45:00
2567,Base,2026-03-20 00:46:00
2568,Base,2026-03-20 00:47:00
2569,Base,2026-03-20 00:48:00
2570,Base,2026-03-20 00:49:00
2571,Mid,2026-03-20 00:50:00
2572,Mid,2026-03-20 00:51:00
2573,Base,2026-03-20 00:52:00
2574,Mid,2026-03-20 00:53:00
2575,Base,2026-03-20 00:54:00
2576,Loaded,2026-03-20 00:55:00
2577,Base,2026-03-20 00:56:00
2578,Mid,2026-03-20 00:57:00
2579,Mid,2026-03-20 00:58:00
2580,Mid,2026-03-20 00:59:00
2581,Mid,2026-03-20 01:00:00
2582,Loaded,2026-03-20 01:01:00
2583,Base,2026-03-20 01:02:00
2584,Base,2026-03-20 01:03:00
2585,Base,2026-03-20 01:04:00
2586,Base,2026-03-20 01:05:00
2587,Base,2026-03-20 01:06:00
2588,Mid,2026-03-20 01:07:00
2589,Base,2026-03-20 01:08:00
2590,Mid,2026-03-20 01:09:00
2591,Mid,2026-03-20 01:10:00
2592,Base,2026-03-20 01:11:00
2593,Mid,2026-03-20 01:12:00
2594,Mid,2026-03-20 01:13:00
2595,Mid,2026-03-20 01:14:00
2596,Base,2026-03-20 01:15:00
2597,Base,2026-03-20 01:16:00
2598,Base,2026-03-20 01:17:00
2599,Base,2026-03-20 01:18:00
2600,Mid,2026-03-20 01:19:00
2601,Base,2026-03-20 01:20:00
2602,Base,2026-03-20 01:21:00
2603,Mid,2026-03-20 01:22:00
2604,Mid,2026-03-20 01:23:00
2605,Mid,2026-03-20 01:24:00
2606,Base,2026-03-20 01:25:00
2607,Mid,2026-03-20 01:26:00
2608,Base,2026-03-20 01:27:00
2609,Base,2026-03-20 01:28:00
2610,Base,2026-03-20 01:29:00
2611,Base,2026-03-20 01:30:00
2612,Base,2026-03-20 01:31:00
2613,Mid,2026-03-20 01:32:00
2614,Mid,2026-03-20 01:33:00
2615,Base,2026-03-20 01:34:00
2616,Base,2026-03-20 01:35:00
2617,Mid,2026-03-20 01:36:00
2618,Mid,2026-03-20 01:37:00
2619,Loaded,2026-03-20 01:38:00
2620,Loaded,2026-03-20 01:39:00
2621,Base,2026-03-20 01:40:00
2622,Base,2026-03-20 01:41:00
2623,Loaded,2026-03-20 01:42:00
2624,Base,2026-03-20 01:43:00
2625,Base,2026-03-20 01:44:00
2626,Base,2026-03-20 01:45:00
2627,Mid,2026-03-20 01:46:00
2628,Base,2026-03-20 01:47:00
2629,Base,2026-03-20 01:48:00
2630,Base,2026-03-20 01:49:00
2631,Loaded,2026-03-20 01:50:00
2632,Loaded,2026-03-20 01:51:00
2633,Base,2026-03-20 01:52:00
2634,Base,2026-03-20 01:53:00
2635,Mid,2026-03-20 01:54:00
2636,Mid,2026-03-20 01:55:00
2637,Mid,2026-03-20 01:56:00
2638,Base,2026-03-20 01:57:00
2639,Mid,2026-03-20 01:58:00
2640,Base,2026-03-20 01:59:00
2641,Base,2026-03-20 02:00:00
2642,Loaded,2026-03-20 02:01:00
2643,Mid,2026-03-20 02:02:00
2644,Base,2026-03-20 02:03:00
2645,Base,2026-03-20 02:04:00
2646,Base,2026-03-20 02:05:00
2647,Base,2026-03-20 02:06:00
2648,Mid,2026-03-20 02:07:00
2649,Base,2026-03-20 02:08:00
2650,Loaded,2026-03-20 02:09:00
2651,Mid,2026-03-20 02:10:00
2652,Loaded,2026-03-20 02:11:00
2653,Base,2026-03-20 02:12:00
2654,Base,2026-03-20 02:13:00
2655,Base,2026-03-20 02:14:00
2656,Mid,2026-03-20 02:15:00
2657,Base,2026-03-20 02:16:00
2658,Loaded,2026-03-20 02:17:00
2659,Base,2026-03-20 02:18:00
2660,Loaded,2026-03-20 02:19:00
2661,Base,2026-03-20 02:20:00
2662,Mid,2026-03-20 02:21:00
2663,Base,2026-03-20 02:22:00
2664,Mid,2026-03-20 02:23:00
2665,Mid,2026-03-20 02:24:00
2666,Mid,2026-03-20 02:25:00
2667,Loaded,2026-03-20 02:26:00
2668,Base,2026-03-20 02:27:00
2669,Loaded,2026-03-20 02:28:00
2670,Base,2026-03-20 02:29:00
2671,Base,2026-03-20 02:30:00
2672,Mid,2026-03-20 02:31:00
2673,Base,2026-03-20 02:32:00
2674,Mid,2026-03-20 02:33:00
2675,Base,2026-03-20 02:34:00
2676,Mid,2026-03-20 02:35:00
2677,Base,2026-03-20 02:36:00
2678,Base,2026-03-20 02:37:00
2679,Base,2026-03-20 02:38:00
2680,Loaded,2026-03-20 02:39:00
2681,Loaded,2026-03-20 02:40:00
2682,Base,2026-03-20 02:41:00
2683,Loaded,2026-03-20 02:42:00
2684,Base,2026-03-20 02:43:00
2685,Base,2026-03-20 02:44:00
2686,Base,2026-03-20 02:45:00
2687,Base,2026-03-20 02:46:00
2688,Mid,2026-03-20 02:47:00
2689,Base,2026-03-20 02:48:00
2690,Base,2026-03-20 02:49:00
2691,Base,2026-03-20 02:50:00
2692,Base,2026-03-20 02:51:00
2693,Base,2026-03-20 02:52:00
2694,Base,2026-03-20 02:53:00
2695,Base,2026-03-20 02:54:00
2696,Base,2026-03-20 02:55:00
2697,Base,2026-03-20 02:56:00
2698,Base,2026-03-20 02:57:00
2699,Mid,2026-03-20 02:58:00
2700,Base,2026-03-20 02:59:00
2701,Base,2026-03-20 03:00:00
2702,Loaded,2026-03-20 03:01:00
2703,Mid,2026-03-20 03:02:00
2704,Base,2026-03-20 03:03:00
2705,Base,2026-03-20 03:04:00
2706,Base,2026-03-20 03:05:00
2707,Mid,2026-03-20 03:06:00
2708,Base,2026-03-20 03:07:00
2709,Loaded,2026-03-20 03:08:00
2710,Loaded,2026-03-20 03:09:00
2711,Base,2026-03-20 03:10:00
2712,Mid,2026-03-20 03:11:00
2713,Base,2026-03-20 03:12:00
2714,Base,2026-03-20 03:13:00
2715,Loaded,2026-03-20 03:14:00
2716,Base,2026-03-20 03:15:00
2717,Mid,2026-03-20 03:16:00
2718,Base,2026-03-20 03:17:00
2719,Mid,2026-03-20 03:18:00
2720,Base,2026-03-20 03:19:00
2721,Mid,2026-03-20 03:20:00
2722,Mid,2026-03-20 03:21:00
2723,Base,2026-03-20 03:22:00
2724,Base,2026-03-20 03:23:00
2725,Loaded,2026-03-20 03:24:00
2726,Loaded,2026-03-20 03:25:00
2727,Mid,2026-03-20 03:26:00
2728,Loaded,2026-03-20 03:27:00
2729,Mid,2026-03-20 03:28:00
2730,Base,2026-03-20 03:29:00
2731,Mid,2026-03-20 03:30:00
2732,Mid,2026-03-20 03:31:00
2733,Base,2026-03-20 03:32:00
2734,Base,2026-03-20 03:33:00
2735,Mid,2026-03-20 03:34:00
2736,Base,2026-03-20 03:35:00
2737,Base,2026-03-20 03:36:00
2738,Base,2026-03-20 03:37:00
2739,Loaded,2026-03-20 03:38:00
2740,Base,2026-03-20 03:39:00
2741,Base,2026-03-20 03:40:00
2742,Base,2026-03-20 03:41:00
2743,Base,2026-03-20 03:42:00
2744,Base,2026-03-20 03:43:00
2745,Mid,2026-03-20 03:44:00
2746,Loaded,2026-03-20 03:45:00
2747,Base,2026-03-20 03:46:00
2748,Loaded,2026-03-20 03:47:00
2749,Mid,2026-03-20 03:48:00
2750,Loaded,2026-03-20 03:49:00
2751,Base,2026-03-20 03:50:00
2752,Loaded,2026-03-20 03:51:00
2753,Loaded,2026-03-20 03:52:00
2754,Base,2026-03-20 03:53:00
2755,Mid,2026-03-20 03:54:00
2756,Base,2026-03-20 03:55:00
2757,Mid,2026-03-20 03:56:00
2758,Mid,2026-03-20 03:57:00
2759,Base,2026-03-20 03:58:00
2760,Mid,2026-03-20 03:59:00
2761,Loaded,2026-03-20 04:00:00
2762,Base,2026-03-20 04:01:00
2763,Loaded,2026-03-20 04:02:00
2764,Mid,2026-03-20 04:03:00
2765,Base,2026-03-20 04:04:00
2766,Loaded,2026-03-20 04:05:00
2767,Base,2026-03-20 04:06:00
2768,Mid,2026-03-20 04:07:00
2769,Base,2026-03-20 04:08:00
2770,Mid,2026-03-20 04:09:00
2771,Mid,2026-03-20 04:10:00
2772,Base,2026-03-20 04:11:00
2773,Mid,2026-03-20 04:12:00
2774,Mid,2026-03-20 04:13:00
2775,Base,2026-03-20 04:14:00
2776,Base,2026-03-20 04:15:00
2777,Mid,2026-03-20 04:16:00
2778,Base,2026-03-20 04:17:00
2779,Base,2026-03-20 04:18:00
2780,Base,2026-03-20 04:19:00
2781,Loaded,2026-03-20 04:20:00
2782,Loaded,2026-03-20 04:21:00
2783,Base,2026-03-20 04:22:00
2784,Mid,2026-03-20 04:23:00
2785,Mid,2026-03-20 04:24:00
2786,Mid,2026-03-20 04:25:00
2787,Loaded,2026-03-20 04:26:00
2788,Loaded,2026-03-20 04:27:00
2789,Mid,2026-03-20 04:28:00
2790,Mid,2026-03-20 04:29:00
2791,Loaded,2026-03-20 04:30:00
2792,Base,2026-03-20 04:31:00
2793,Base,2026-03-20 04:32:00
2794,Loaded,2026-03-20 04:33:00
2795,Base,2026-03-20 04:34:00
2796,Base,2026-03-20 04:35:00
2797,Base,2026-03-20 04:36:00
2798,Base,2026-03-20 04:37:00
2799,Base,2026-03-20 04:38:00
2800,Base,2026-03-20 04:39:00
2801,Base,2026-03-20 04:40:00
2802,Loaded,2026-03-20 04:41:00
2803,Loaded,2026-03-20 04:42:00
2804,Base,2026-03-20 04:43:00
2805,Mid,2026-03-20 04:44:00
2806,Mid,2026-03-20 04:45:00
2807,Base,2026-03-20 04:46:00
2808,Mid,2026-03-20 04:47:00
2809,Base,2026-03-20 04:48:00
2810,Loaded,2026-03-20 04:49:00
2811,Mid,2026-03-20 04:50:00
2812,Loaded,2026-03-20 04:51:00
2813,Base,2026-03-20 04:52:00
2814,Base,2026-03-20 04:53:00
2815,Base,2026-03-20 04:54:00
2816,Base,2026-03-20 04:55:00
2817,Loaded,2026-03-20 04:56:00
2818,Base,2026-03-20 04:57:00
2819,Loaded,2026-03-20 04:58:00
2820,Loaded,2026-03-20 04:59:00
2821,Loaded,2026-03-20 05:00:00
2822,Mid,2026-03-20 05:01:00
2823,Mid,2026-03-20 05:02:00
2824,Loaded,2026-03-20 05:03:00
2825,Base,2026-03-20 05:04:00
2826,Base,2026-03-20 05:05:00
2827,Loaded,2026-03-20 05:06:00
2828,Base,2026-03-20 05:07:00
2829,Base,2026-03-20 05:08:00
2830,Mid,2026-03-20 05:09:00
2831,Loaded,2026-03-20 05:10:00
2832,Base,2026-03-20 05:11:00
2833,Base,2026-03-20 05:12:00
2834,Base,2026-03-20 05:13:00
2835,Base,2026-03-20 05:14:00
2836,Base,2026-03-20 05:15:00
2837,Base,2026-03-20 05:16:00
2838,Mid,2026-03-20 05:17:00
2839,Base,2026-03-20 05:18:00
2840,Base,2026-03-20 05:19:00
2841,Mid,2026-03-20 05:20:00
2842,Base,2026-03-20 05:21:00
2843,Base,2026-03-20 05:22:00
2844,Loaded,2026-03-20 05:23:00
2845,Mid,2026-03-20 05:24:00
2846,Mid,2026-03-20 05:25:00
2847,Loaded,2026-03-20 05:26:00
2848,Base,2026-03-20 05:27:00
2849,Mid,2026-03-20 05:28:00
2850,Base,2026-03-20 05:29:00
2851,Mid,2026-03-20 05:30:00
2852,Base,2026-03-20 05:31:00
2853,Mid,2026-03-20 05:32:00
2854,Mid,2026-03-20 05:33:00
2855,Base,2026-03-20 05:34:00
2856,Loaded,2026-03-20 05:35:00
2857,Mid,2026-03-20 05:36:00
2858,Loaded,2026-03-20 05:37:00
2859,Mid,2026-03-20 05:38:00
2860,Base,2026-03-20 05:39:00
2861,Mid,2026-03-20 05:40:00
2862,Base,2026-03-20 05:41:00
2863,Mid,2026-03-20 05:42:00
2864,Loaded,2026-03-20 05:43:00
2865,Base,2026-03-20 05:44:00
2866,Loaded,2026-03-20 05:45:00
2867,Base,2026-03-20 05:46:00
2868,Mid,2026-03-20 05:47:00
2869,Mid,2026-03-20 05:48:00
2870,Loaded,2026-03-20 05:49:00
2871,Base,2026-03-20 05:50:00
2872,Loaded,2026-03-20 05:51:00
2873,Loaded,2026-03-20 05:52:00
2874,Base,2026-03-20 05:53:00
2875,Mid,2026-03-20 05:54:00
2876,Base,2026-03-20 05:55:00
2877,Base,2026-03-20 05:56:00
2878,Mid,2026-03-20 05:57:00
2879,Loaded,2026-03-20 05:58:00
2880,Base,2026-03-20 05:59:00
2881,Base,2026-03-20 06:00:00
2882,Mid,2026-03-20 06:01:00
2883,Mid,2026-03-20 06:02:00
2884,Base,2026-03-20 06:03:00
2885,Base,2026-03-20 06:04:00
